farm_id,nb_defo_pct_200,nb_defo_pct_500,nb_defo_pct_1000
0,0.0,0.0,0.0
1,0.0,0.0,0.0
2,0.0,0.0,0.187
3,0.0,0.0,0.131
4,0.0,0.0,0.322
5,0.0,0.0,0.0
6,0.0,0.0,0.0
7,0.0,0.0,0.0
8,0.0,0.0,0.0
9,0.0,0.0,0.0
10,0.0,0.999,0.609
11,0.0,0.0,0.0
12,0.0,0.0,0.0
13,0.0,0.0,0.0
14,0.0,0.0,0.0
15,0.0,0.0,0.0
16,0.0,0.0,0.0
17,0.0,0.539,0.441
18,0.0,0.0,0.0
19,0.0,0.0,0.0
20,0.0,0.0,0.0
21,0.0,0.0,0.0
22,0.0,0.0,0.0
23,0.0,0.0,0.0
24,0.0,0.0,0.0
25,0.0,0.0,0.0
26,0.0,0.0,0.0
27,0.0,0.0,0.003
28,0.0,0.0,0.0
29,0.0,0.0,0.015
30,0.0,0.0,0.0
31,0.0,0.192,0.177
32,0.0,0.0,0.0
33,0.0,0.0,0.0
34,0.0,0.0,0.0
35,0.0,0.0,0.001
36,0.0,0.0,0.0
37,0.0,0.0,0.0
38,0.0,0.0,0.0
39,0.0,0.0,0.0
40,0.0,0.0,0.0
41,0.0,0.0,0.0
42,0.0,0.0,0.0
43,0.0,0.0,0.0
44,0.0,0.0,0.0
45,0.0,0.0,0.0
46,0.0,0.0,0.0
47,0.0,0.0,0.0
48,0.0,0.0,0.0
49,0.0,0.0,0.0
50,0.0,0.0,0.0
51,0.0,0.0,0.0
52,0.0,0.0,0.0
53,0.0,0.0,0.0
54,0.0,0.0,0.0
55,0.0,0.485,0.215
56,0.0,0.0,0.0
57,0.0,0.616,0.305
58,0.0,0.0,0.0
59,0.0,0.002,0.145
60,0.0,0.0,0.0
61,0.0,0.0,0.0
62,0.0,0.0,0.0
63,0.0,0.0,0.0
64,0.0,0.0,0.0
65,0.0,0.0,0.0
66,0.0,0.0,0.0
67,0.0,0.0,0.051
68,0.0,0.801,0.238
69,0.0,0.0,0.0
70,0.0,0.0,0.0
71,0.0,0.0,0.0
72,0.0,0.0,0.001
73,0.0,0.0,0.0
74,0.0,0.0,0.008
75,0.0,0.0,0.0
76,0.0,0.0,0.003
77,0.0,0.0,0.0
78,0.0,0.0,0.0
79,0.0,0.0,0.0
80,0.0,0.0,0.0
81,0.0,0.0,0.573
82,0.0,0.0,0.037
83,0.0,0.0,0.0
84,0.0,0.0,0.0
85,0.0,0.0,0.0
86,0.0,0.0,0.03
87,0.0,0.0,0.247
88,0.0,0.0,0.017
89,0.0,0.0,0.0
90,0.0,0.0,0.0
91,0.0,0.0,0.0
92,0.0,0.0,0.501
93,0.0,0.0,0.219
94,0.0,0.0,0.0
95,0.0,0.0,0.0
96,0.0,0.0,0.0
97,0.0,0.0,0.482
98,0.0,0.0,0.0
99,0.0,0.0,0.0
100,0.0,0.0,0.0
101,0.0,0.0,0.0
102,0.0,1.299,0.44
103,0.0,0.092,0.067
104,0.0,0.0,0.0
105,0.0,0.0,0.0
106,0.0,0.0,0.0
107,0.0,0.0,0.0
108,0.0,0.0,0.105
109,0.0,0.0,0.0
110,0.0,0.0,0.254
111,0.0,0.0,0.0
112,0.0,0.0,0.126
113,0.0,0.0,0.0
114,0.0,0.0,0.065
115,0.0,0.0,0.042
116,0.0,0.0,0.0
117,0.0,0.0,0.0
118,0.0,0.0,0.0
119,0.0,0.492,0.572
120,0.0,0.0,0.0
121,0.0,0.0,0.0
122,0.0,0.0,0.0
123,0.0,0.13,0.572
124,0.0,0.0,0.112
125,0.0,0.0,0.0
126,0.035,0.18,0.071
127,0.0,0.0,0.0
128,0.0,0.133,0.039
129,0.0,0.0,0.072
130,0.089,0.238,0.247
131,0.198,0.127,0.038
132,0.0,0.0,0.0
133,0.0,0.0,0.0
134,0.0,0.0,0.0
135,0.0,0.0,0.0
136,0.0,0.0,0.0
137,0.0,0.0,0.242
138,0.0,0.0,0.0
139,0.0,0.0,0.214
140,0.0,0.0,0.0
141,0.0,0.0,0.0
142,0.0,0.0,0.0
143,0.0,0.0,0.0
144,0.0,0.0,0.0
145,0.0,0.0,0.0
146,0.0,0.0,0.0
147,0.0,0.0,0.124
148,0.0,0.0,0.104
149,0.0,0.0,0.0
150,0.0,0.005,0.171
151,0.0,0.0,0.0
152,0.0,0.0,0.0
153,0.0,0.0,0.0
154,0.437,0.093,0.38
155,0.0,0.0,0.0
156,0.0,0.0,0.124
157,0.0,0.0,0.0
158,0.0,0.0,0.0
159,0.0,0.0,0.0
160,0.0,0.0,0.0
161,0.0,0.0,0.0
162,0.0,0.321,0.599
163,0.0,0.0,0.0
164,0.0,0.0,0.0
165,0.0,0.0,0.0
166,0.0,0.0,0.0
167,0.0,0.0,0.0
168,0.0,0.0,0.127
169,0.0,0.0,0.0
170,0.0,0.453,0.126
171,0.0,0.0,0.0
172,0.135,0.103,0.498
173,0.0,0.0,0.0
174,0.0,0.0,0.0
175,0.0,0.0,0.0
176,0.0,0.0,0.0
177,0.0,0.0,0.0
178,0.0,0.0,0.0
179,0.0,0.0,0.0
180,0.0,0.0,0.0
181,0.0,0.0,0.0
182,0.0,0.0,0.0
183,0.0,0.378,0.114
184,0.0,0.0,0.0
185,0.0,0.0,0.0
186,0.0,0.137,0.04
187,0.0,0.0,0.0
188,3.063,1.452,0.502
189,0.0,0.0,0.0
190,0.0,0.0,0.0
191,0.0,0.0,0.042
192,0.0,0.0,0.0
193,0.0,0.0,0.0
194,0.0,0.264,0.124
195,0.0,0.0,0.0
196,0.0,0.0,0.0
197,0.0,0.0,0.0
198,0.0,0.0,0.0
199,0.0,0.0,0.068
200,0.0,0.0,0.066
201,0.0,0.0,0.0
202,0.0,0.0,0.0
203,0.0,0.0,0.0
204,0.0,0.0,0.0
205,0.0,0.0,0.0
206,0.0,0.0,0.0
207,0.0,0.0,0.0
208,0.0,0.148,0.041
209,0.0,0.0,0.0
210,0.0,0.0,0.0
211,0.0,0.0,0.0
212,0.0,0.0,0.0
213,0.0,0.0,0.0
214,0.0,0.0,0.0
215,0.0,0.088,0.041
216,0.0,0.0,0.0
217,0.0,0.0,0.0
218,0.0,0.0,0.0
219,0.0,0.335,0.106
220,0.0,0.0,0.0
221,0.0,0.0,0.054
222,0.0,0.0,0.0
223,0.0,0.0,0.0
224,0.0,0.0,0.0
225,0.0,0.0,0.0
226,0.0,0.0,0.0
227,0.0,0.0,0.0
228,0.0,0.083,0.04
229,0.0,0.0,0.0
230,0.0,0.0,0.607
231,0.0,0.0,0.058
232,0.0,0.0,0.0
233,0.0,0.0,0.0
234,0.0,0.0,0.0
235,0.0,0.0,0.0
236,0.0,0.0,0.585
237,0.0,0.0,0.0
238,0.0,0.0,0.0
239,0.0,0.0,0.0
240,0.0,0.0,0.0
241,0.0,0.0,0.0
242,0.0,0.0,0.0
243,0.0,0.0,0.0
244,0.0,0.0,0.0
245,0.0,0.0,0.0
246,0.0,0.0,0.0
247,0.862,0.434,0.123
248,0.0,1.135,0.45
249,0.0,0.0,0.0
250,0.0,0.0,0.0
251,0.0,0.0,0.0
252,0.0,0.0,0.0
253,0.0,0.0,0.12
254,0.0,0.0,0.0
255,0.0,0.0,0.0
256,0.0,0.0,0.0
257,0.0,0.0,0.0
258,0.0,0.0,0.042
259,0.0,0.0,0.0
260,0.0,0.0,0.0
261,0.0,0.0,0.0
262,0.0,0.0,0.0
263,0.0,0.0,0.601
264,0.0,0.0,0.0
265,0.0,0.0,0.0
266,0.0,0.0,0.0
267,0.0,0.0,0.0
268,0.0,0.0,0.0
269,0.0,0.0,0.04
270,0.0,0.0,0.0
271,0.0,0.0,0.0
272,0.0,0.0,0.0
273,0.0,0.0,0.0
274,0.0,0.0,0.0
275,0.0,0.0,0.0
276,0.0,0.0,0.0
277,0.0,0.0,0.0
278,0.0,0.0,0.039
279,0.0,0.0,0.0
280,0.0,0.0,0.0
281,0.0,0.0,0.0
282,0.0,0.0,0.0
283,0.0,0.0,0.0
284,0.0,0.0,0.0
285,0.0,0.0,0.0
286,0.0,0.0,0.124
287,0.0,0.0,0.0
288,0.0,0.0,0.11
289,0.0,0.0,0.0
290,0.0,0.0,0.1
291,0.0,0.0,0.0
292,0.0,0.0,0.03
293,0.0,0.0,0.0
294,0.0,0.0,0.0
295,0.0,0.1,0.056
296,0.0,0.0,0.0
297,0.0,0.0,0.0
298,0.0,0.0,0.0
299,0.0,0.0,0.0
300,0.0,0.0,0.0
301,0.0,0.0,0.0
302,0.0,0.0,0.109
303,0.0,0.0,0.001
304,0.0,0.0,0.0
305,0.0,0.0,0.0
306,0.0,0.0,0.0
307,0.0,0.0,0.0
308,0.0,0.11,0.042
309,0.0,0.0,0.0
310,0.0,0.0,0.389
311,0.0,0.0,0.0
312,0.0,0.0,0.0
313,0.0,0.0,0.0
314,0.0,0.0,0.0
315,0.0,0.0,0.0
316,0.0,0.0,0.0
317,0.0,0.0,0.0
318,0.0,0.0,0.0
319,0.0,0.0,0.0
320,0.0,0.0,0.0
321,0.0,0.0,0.0
322,0.0,0.0,0.0
323,0.0,0.0,0.0
324,0.0,0.0,0.0
325,0.0,0.0,0.0
326,0.0,0.0,0.0
327,0.0,0.0,0.0
328,0.0,0.0,0.0
329,0.0,0.0,0.0
330,0.0,0.0,0.0
331,0.0,0.0,0.094
332,0.0,0.0,0.0
333,0.0,0.0,0.0
334,0.0,0.0,0.031
335,0.0,0.0,0.123
336,0.0,0.0,0.0
337,0.0,0.0,0.0
338,0.0,0.0,0.0
339,0.0,0.0,0.0
340,0.0,0.0,0.04
341,0.0,0.095,0.038
342,0.0,0.0,0.0
343,0.0,0.0,0.0
344,0.0,0.0,0.0
345,0.0,0.0,0.0
346,0.0,0.0,0.03
347,0.0,0.0,0.0
348,0.0,0.101,0.045
349,0.0,0.0,0.0
350,0.0,0.0,0.0
351,0.0,0.0,0.0
352,0.0,0.0,0.0
353,0.0,0.0,0.0
354,0.0,0.0,0.0
355,0.0,0.0,0.0
356,0.0,0.0,0.0
357,0.0,0.0,0.0
358,0.0,0.0,0.0
359,0.0,0.0,0.0
360,0.0,0.111,0.077
361,0.0,0.0,0.0
362,0.0,0.0,0.0
363,0.0,0.0,0.03
364,0.0,0.0,0.0
365,0.0,0.0,0.042
366,0.0,0.0,0.0
367,0.0,0.0,0.0
368,0.0,0.0,0.0
369,0.0,0.0,0.0
370,0.0,0.0,0.0
371,0.0,0.0,0.042
372,0.0,0.0,0.044
373,0.0,0.0,0.0
374,0.0,0.0,0.0
375,0.0,0.0,0.0
376,0.0,0.0,0.0
377,0.0,0.0,0.0
378,0.0,0.0,0.04
379,0.0,0.12,0.057
380,0.0,0.0,0.0
381,0.0,0.0,0.0
382,0.0,0.0,0.0
383,0.0,0.0,0.0
384,0.0,0.122,0.067
385,0.0,0.0,0.0
386,0.0,0.0,0.0
387,0.0,0.0,0.0
388,0.0,0.0,0.0
389,0.0,0.0,0.0
390,0.0,0.0,0.0
391,0.0,0.0,0.0
392,0.0,0.0,0.0
393,0.0,0.138,0.072
394,0.0,0.0,0.0
395,0.0,0.0,0.0
396,0.0,0.0,0.026
397,0.0,0.0,0.0
398,0.0,0.0,0.0
399,0.0,0.0,0.0
400,0.0,0.0,0.0
401,0.0,0.0,0.0
402,0.0,0.0,0.0
403,0.0,0.0,0.0
404,0.0,0.0,0.0
405,0.0,0.094,0.057
406,0.0,0.0,0.0
407,0.0,0.0,0.0
408,0.0,0.0,0.0
409,0.0,0.0,0.0
410,0.0,0.0,0.0
411,0.0,0.0,0.0
412,0.0,0.0,0.0
413,0.0,0.0,0.0
414,0.0,0.0,0.0
415,0.0,0.0,0.0
416,0.0,0.0,0.0
417,0.0,0.0,0.0
418,0.0,0.0,0.076
419,0.0,0.0,0.075
420,0.0,0.0,0.043
421,0.0,0.0,0.0
422,0.0,0.108,0.065
423,0.0,0.0,0.0
424,0.0,0.121,0.067
425,0.0,0.0,0.162
426,0.0,0.0,0.0
427,0.0,0.0,0.0
428,0.0,0.0,0.0
429,0.0,0.0,0.0
430,0.0,0.0,0.078
431,0.0,0.0,0.0
432,0.0,0.0,0.0
433,0.0,0.0,0.0
434,0.0,0.0,0.075
435,0.641,0.152,0.329
436,0.0,0.0,0.0
437,0.0,0.0,0.0
438,0.0,0.0,0.0
439,0.0,0.0,0.028
440,0.0,0.0,0.0
441,0.0,0.0,0.0
442,0.0,0.0,0.0
443,0.0,0.0,0.0
444,0.0,0.0,0.011
445,0.0,0.0,0.0
446,0.0,0.0,0.0
447,0.0,0.102,0.07
448,0.0,0.0,0.067
449,0.0,0.0,0.0
450,0.0,0.0,0.0
451,0.0,0.0,0.0
452,0.0,0.0,0.0
453,0.0,0.0,0.0
454,0.0,0.0,0.0
455,0.0,0.0,0.0
456,0.0,0.0,0.0
457,0.0,0.0,0.0
458,0.0,0.0,0.01
459,0.0,0.0,0.0
460,0.0,0.0,0.0
461,0.0,0.0,0.0
462,0.0,0.0,0.0
463,0.0,0.0,0.0
464,0.0,0.0,0.0
465,0.0,0.0,0.34
466,0.0,0.0,0.0
467,0.0,0.0,0.0
468,0.0,0.0,0.0
469,0.0,0.004,0.238
470,0.0,0.0,0.0
471,0.0,0.0,0.0
472,0.0,0.0,0.0
473,0.0,0.0,0.0
474,0.0,0.0,0.0
475,0.0,0.0,0.0
476,0.0,0.0,0.311
477,0.0,0.0,0.0
478,0.0,0.0,0.011
479,0.0,0.0,0.0
480,0.0,0.0,0.0
481,0.0,0.0,0.0
482,0.0,0.0,0.0
483,0.0,0.0,0.0
484,0.0,0.0,0.0
485,0.0,0.0,0.073
486,0.0,0.0,0.0
487,0.0,0.0,0.0
488,0.0,0.0,0.333
489,0.0,0.0,0.0
490,4.544,1.164,0.388
491,0.0,0.0,0.0
492,0.0,0.0,0.0
493,0.0,0.0,0.293
494,0.0,1.281,0.476
495,0.217,0.155,0.054
496,0.0,0.0,0.065
497,0.0,0.0,0.0
498,0.0,0.0,0.0
499,0.0,0.0,0.318
500,0.0,0.0,0.0
501,0.0,0.0,0.0
502,0.0,0.0,0.0
503,0.0,0.0,0.0
504,0.0,0.0,0.0
505,0.0,0.0,0.0
506,0.547,0.117,0.074
507,0.0,0.0,0.0
508,0.0,0.0,0.0
509,0.0,0.0,0.0
510,0.0,0.081,0.06
511,0.0,0.0,0.0
512,0.0,0.0,0.0
513,0.0,0.0,0.0
514,0.0,0.0,0.0
515,0.0,0.0,0.0
516,0.0,0.0,0.0
517,0.0,0.0,0.0
518,0.0,0.0,0.0
519,0.0,0.0,0.0
520,0.0,0.0,0.326
521,0.0,0.0,0.066
522,0.0,1.041,0.363
523,0.036,1.161,0.422
524,0.516,1.168,0.332
525,0.0,0.0,0.0
526,0.0,0.0,0.0
527,0.0,0.0,0.032
528,0.0,0.0,0.068
529,0.0,1.111,0.33
530,0.0,0.001,0.007
531,0.0,0.0,0.0
532,0.0,0.0,0.0
533,0.0,0.0,0.032
534,0.0,0.0,0.0
535,0.525,1.217,0.339
536,0.0,0.067,0.322
537,0.0,0.0,0.0
538,0.0,0.0,0.0
539,0.0,0.0,0.0
540,0.0,0.0,0.0
541,0.0,0.0,0.0
542,0.0,0.0,0.0
543,0.0,0.0,0.0
544,0.0,0.0,0.0
545,0.0,0.0,0.0
546,0.0,0.0,0.0
547,0.0,0.0,0.0
548,0.0,0.0,0.0
549,0.0,0.0,0.0
550,0.0,0.0,0.0
551,0.0,0.0,0.0
552,0.0,0.0,0.0
553,0.0,0.0,0.0
554,0.0,0.0,0.0
555,0.0,0.099,0.032
556,0.0,0.0,0.0
557,0.0,0.0,0.0
558,0.083,1.156,0.375
559,0.0,0.0,0.0
560,0.0,0.0,0.0
561,0.0,0.0,0.0
562,0.0,0.0,0.0
563,0.0,0.0,0.052
564,0.0,0.0,0.334
565,0.0,0.0,0.0
566,0.0,0.0,0.0
567,0.0,0.0,0.0
568,4.922,1.114,0.315
569,0.0,0.0,0.01
570,0.0,0.0,0.0
571,0.0,0.0,0.0
572,0.098,0.028,0.009
573,0.0,0.029,0.009
574,0.0,0.0,0.0
575,0.0,0.0,0.0
576,0.0,0.0,0.0
577,0.0,0.092,0.061
578,0.0,0.0,0.0
579,0.0,0.0,0.0
580,0.0,0.0,0.109
581,0.0,0.0,0.006
582,0.0,0.0,0.0
583,0.0,0.0,0.0
584,0.0,0.0,0.0
585,0.0,0.0,0.0
586,0.0,0.039,0.011
587,0.0,0.0,0.0
588,4.306,1.139,0.327
589,4.148,1.111,0.315
590,0.0,0.0,0.0
591,0.0,0.0,0.0
592,0.0,0.0,0.0
593,0.0,0.0,0.0
594,0.0,0.0,0.0
595,0.0,0.0,0.0
596,0.0,0.0,0.0
597,0.0,0.0,0.0
598,0.0,0.0,0.0
599,0.0,0.0,0.0
600,0.0,0.0,0.035
601,0.0,0.068,0.184
602,0.0,0.205,0.284
603,0.0,0.0,0.0
604,0.0,0.0,0.0
605,0.0,0.0,0.0
606,0.0,0.0,0.113
607,0.0,0.0,0.0
608,0.18,0.039,0.011
609,0.0,0.0,0.0
610,0.0,0.0,0.0
611,0.0,0.0,0.0
612,0.0,0.0,0.0
613,0.0,0.0,0.0
614,0.0,0.0,0.042
615,0.0,0.0,0.021
616,0.0,0.037,0.011
617,0.0,0.0,0.03
618,0.0,0.0,0.107
619,0.0,0.894,0.325
620,0.0,0.0,0.0
621,0.0,0.0,0.0
622,0.0,0.0,0.0
623,0.0,0.0,0.356
624,0.0,0.0,0.0
625,0.0,0.0,0.032
626,0.0,0.0,0.0
627,0.0,1.142,0.328
628,0.0,0.0,0.0
629,0.0,0.0,0.0
630,0.0,0.475,0.341
631,0.0,0.0,0.0
632,0.0,0.0,0.026
633,0.0,0.0,0.012
634,0.0,0.0,0.0
635,0.0,0.0,0.0
636,0.0,0.0,0.028
637,0.0,0.0,0.0
638,0.0,0.0,0.009
639,0.0,0.0,0.0
640,0.132,0.033,0.01
641,0.0,0.0,0.0
642,0.0,0.0,0.0
643,0.0,0.0,0.0
644,0.0,0.0,0.0
645,0.0,0.0,0.086
646,0.0,0.0,0.009
647,0.0,0.0,0.0
648,0.0,0.031,0.01
649,0.0,0.0,0.0
650,0.0,0.0,0.004
651,0.0,0.0,0.0
652,0.0,0.0,0.0
653,0.0,0.0,0.0
654,0.0,0.0,0.0
655,0.0,0.0,0.0
656,0.0,0.0,0.0
657,0.0,0.0,0.0
658,0.0,0.0,0.024
659,0.0,0.0,0.0
660,0.0,0.0,0.0
661,0.0,0.0,0.0
662,0.0,0.0,0.102
663,0.0,0.0,0.0
664,0.0,0.0,0.0
665,0.0,0.552,0.334
666,0.0,0.0,0.0
667,0.0,0.0,0.0
668,0.0,0.0,0.0
669,0.0,0.0,0.011
670,0.0,0.0,0.0
671,0.0,0.0,0.0
672,0.0,0.0,0.0
673,0.0,0.0,0.0
674,0.0,0.0,0.011
675,0.0,0.0,0.0
676,0.0,0.0,0.0
677,0.0,0.0,0.0
678,0.0,0.0,0.0
679,0.0,0.0,0.0
680,0.0,0.0,0.0
681,0.0,0.0,0.0
682,0.0,0.0,0.0
683,0.0,0.0,0.306
684,0.0,0.0,0.0
685,0.0,0.0,0.0
686,0.0,0.0,0.0
687,0.0,0.0,0.0
688,0.0,0.0,0.165
689,0.0,0.0,0.0
690,0.0,0.0,0.0
691,0.0,0.0,0.0
692,0.0,0.0,0.011
693,0.0,0.0,0.0
694,0.0,0.0,0.0
695,0.0,0.0,0.0
696,0.0,0.015,0.008
697,0.0,0.0,0.0
698,0.0,0.0,0.0
699,0.0,0.0,0.033
700,0.0,0.0,0.0
701,0.0,0.0,0.0
702,0.0,0.005,0.152
703,0.0,0.0,0.011
704,0.0,0.0,0.0
705,0.0,0.0,0.0
706,0.0,0.0,0.0
707,0.0,0.0,0.0
708,0.0,0.0,0.053
709,0.0,0.0,0.256
710,0.0,0.0,0.0
711,0.0,0.0,0.0
712,0.0,0.0,0.011
713,0.0,0.0,0.0
714,0.0,0.0,0.0
715,0.0,0.0,0.0
716,0.0,0.0,0.0
717,0.0,0.0,0.0
718,0.0,0.0,0.0
719,0.0,0.0,0.0
720,0.0,0.0,0.0
721,0.0,0.0,0.0
722,0.0,0.0,0.0
723,0.0,0.0,0.004
724,0.0,0.079,0.395
725,0.0,0.0,0.0
726,0.0,0.0,0.0
727,0.0,0.0,0.0
728,0.0,0.0,0.0
729,0.0,0.0,0.0
730,0.0,0.0,0.01
731,0.0,0.0,0.0
732,0.0,0.0,0.0
733,0.0,0.0,0.0
734,0.0,0.0,0.0
735,0.0,0.0,0.0
736,0.0,0.0,0.0
737,0.0,0.0,0.0
738,0.0,0.0,0.0
739,0.0,0.0,1.136
740,0.0,0.0,0.0
741,0.0,0.0,0.0
742,0.0,0.0,0.0
743,0.0,0.0,0.0
744,0.0,0.0,0.036
745,0.0,0.0,0.0
746,0.0,0.0,0.0
747,0.0,0.0,0.0
748,0.0,0.0,0.0
749,0.0,0.0,0.0
750,0.0,0.0,0.0
751,0.0,0.0,0.0
752,0.0,0.0,0.0
753,0.0,0.0,0.0
754,0.0,0.0,0.0
755,0.0,0.0,0.0
756,0.0,0.0,0.0
757,0.0,0.0,0.0
758,0.0,0.787,1.445
759,0.0,0.0,0.0
760,0.0,0.0,0.0
761,0.0,0.0,0.0
762,0.0,0.0,0.0
763,0.0,0.019,0.223
764,0.0,0.0,0.0
765,0.0,0.0,0.0
766,0.0,0.0,0.0
767,0.0,0.0,0.0
768,0.0,0.0,0.0
769,0.0,0.115,0.035
770,0.0,0.0,0.0
771,0.0,0.0,0.0
772,0.0,0.0,0.0
773,0.0,0.0,1.567
774,0.0,0.0,0.0
775,0.0,0.48,1.445
776,0.0,0.0,0.0
777,0.0,0.673,0.344
778,0.0,0.0,0.0
779,0.0,0.0,0.0
780,0.0,0.0,0.0
781,0.0,0.0,0.0
782,0.0,0.0,0.0
783,0.0,0.0,0.0
784,0.0,0.0,0.0
785,0.0,0.0,0.0
786,0.0,0.0,0.0
787,0.0,0.0,0.0
788,0.0,0.118,0.035
789,0.0,0.0,0.032
790,0.0,0.0,0.0
791,0.0,0.0,0.0
792,0.0,0.0,0.0
793,0.0,0.0,0.0
794,0.0,0.0,0.0
795,0.0,0.0,0.333
796,0.0,0.0,0.0
797,0.0,0.0,0.0
798,0.0,2.627,2.596
799,0.0,0.0,0.0
800,0.0,0.0,0.0
801,0.0,0.0,0.0
802,0.0,0.0,0.0
803,0.0,0.0,0.0
804,0.0,0.0,0.0
805,0.0,0.0,0.0
806,0.0,0.0,0.0
807,0.0,0.0,0.0
808,0.0,0.0,0.0
809,0.0,0.0,0.0
810,0.0,0.0,0.0
811,0.0,0.0,0.0
812,0.0,0.0,0.0
813,0.0,0.0,0.0
814,0.0,0.0,0.0
815,0.0,0.0,0.0
816,0.0,0.0,0.0
817,0.0,0.0,0.0
818,0.0,0.0,0.0
819,0.545,0.127,0.037
820,0.0,0.0,0.0
821,0.0,0.0,0.0
822,0.0,0.0,0.0
823,0.0,0.0,0.315
824,0.0,0.0,0.0
825,0.0,0.0,0.0
826,0.0,0.0,0.0
827,0.0,0.0,0.0
828,0.0,0.0,0.0
829,0.0,0.0,0.0
830,0.0,0.0,0.0
831,0.0,0.0,0.0
832,0.0,0.0,0.0
833,0.0,0.0,0.0
834,0.0,0.0,0.0
835,0.0,0.0,0.0
836,0.0,0.0,0.0
837,0.0,0.0,0.034
838,0.0,0.0,0.0
839,0.0,0.0,0.035
840,0.0,0.0,1.204
841,0.0,0.0,0.0
842,0.0,0.0,0.0
843,0.0,0.0,0.0
844,0.668,0.239,0.787
845,6.481,6.359,2.978
846,0.0,0.0,0.0
847,0.0,0.0,0.0
848,0.0,0.0,0.0
849,0.0,0.0,0.0
850,11.629,7.624,3.873
851,0.0,0.0,0.0
852,0.0,0.0,0.0
853,0.0,0.0,0.0
854,0.0,0.0,0.0
855,0.0,0.0,0.009
856,0.122,5.907,2.68
857,0.0,0.0,0.0
858,0.0,0.0,0.0
859,0.0,0.0,0.0
860,0.0,0.0,0.0
861,0.0,0.0,0.0
862,0.0,0.0,0.0
863,0.0,0.0,0.0
864,0.0,0.0,0.0
865,0.0,0.0,0.0
866,0.0,0.0,0.0
867,0.0,0.0,0.033
868,0.0,0.0,0.0
869,0.0,0.0,0.0
870,0.0,0.0,0.0
871,7.893,3.116,1.55
872,0.0,0.0,0.0
873,0.0,0.0,0.0
874,0.0,0.586,0.888
875,0.0,0.0,0.0
876,2.455,1.11,1.191
877,0.0,0.0,0.0
878,0.0,0.0,0.0
879,0.0,0.0,0.0
880,0.0,0.0,0.0
881,0.0,0.0,0.0
882,0.0,0.349,0.948
883,0.0,0.0,0.0
884,0.0,0.0,0.0
885,0.0,0.0,0.0
886,0.0,0.0,0.0
887,0.0,0.0,0.0
888,0.0,0.0,0.006
889,0.0,0.0,0.0
890,0.0,0.0,0.0
891,0.0,0.0,0.0
892,0.0,0.0,0.0
893,0.0,0.456,0.856
894,0.0,0.0,0.0
895,0.0,0.0,0.0
896,0.0,0.0,0.922
897,0.0,0.0,0.0
898,0.0,0.0,0.321
899,0.0,0.0,0.0
900,0.0,0.0,0.0
901,0.0,0.0,0.0
902,0.0,0.0,0.0
903,0.0,0.0,0.0
904,0.0,0.156,2.434
905,0.0,0.0,0.0
906,0.0,0.0,0.0
907,0.0,0.0,0.0
908,14.298,6.23,3.209
909,0.0,0.0,0.0
910,0.0,0.0,0.812
911,0.0,0.0,0.0
912,0.0,0.0,0.0
913,0.21,3.533,1.586
914,0.0,0.0,0.0
915,0.0,0.0,0.0
916,0.0,0.0,0.0
917,0.0,0.0,0.0
918,0.0,0.0,0.288
919,19.791,8.805,4.043
920,1.106,0.327,0.681
921,0.0,0.0,0.0
922,0.0,0.0,0.0
923,0.0,1.787,0.839
924,0.0,0.0,0.0
925,0.0,0.0,0.0
926,0.0,0.0,0.0
927,0.0,0.0,0.708
928,0.4,0.455,0.694
929,0.0,1.184,1.607
930,0.0,0.0,0.0
931,0.0,0.0,0.0
932,0.0,0.0,0.0
933,0.0,0.0,0.0
934,0.0,0.0,0.0
935,0.0,0.0,0.0
936,6.479,3.556,1.159
937,0.0,0.0,0.0
938,0.0,0.0,0.0
939,0.0,0.311,0.541
940,0.0,0.0,0.0
941,0.0,0.0,0.0
942,0.0,0.0,0.0
943,2.313,2.368,1.087
944,0.0,0.0,0.0
945,0.0,0.0,0.0
946,0.0,0.0,0.0
947,0.0,0.265,1.579
948,0.0,0.0,0.0
949,0.0,0.0,0.0
950,0.0,0.0,0.0
951,0.22,3.415,2.042
952,0.0,1.108,1.629
953,0.0,0.0,0.0
954,0.0,0.0,0.0
955,0.0,0.0,0.0
956,0.0,0.0,1.829
957,0.0,0.0,0.0
958,0.0,0.0,0.0
959,0.0,0.0,0.0
960,0.0,0.0,0.0
961,0.0,0.0,0.0
962,0.0,0.0,0.0
963,0.0,0.0,0.0
964,0.0,0.0,0.0
965,0.0,0.0,0.0
966,0.0,0.0,0.525
967,0.0,0.0,0.0
968,0.0,0.0,0.0
969,0.0,0.0,0.0
970,0.0,0.0,0.0
971,0.0,0.0,0.489
972,0.0,0.0,0.0
973,0.0,0.0,0.0
974,0.0,0.231,1.658
975,0.0,0.0,0.0
976,0.0,0.0,0.0
977,0.0,0.0,0.0
978,0.0,0.0,0.0
979,0.0,0.0,0.0
980,0.0,0.0,0.0
981,0.0,0.0,0.187
982,0.0,0.0,0.0
983,0.0,0.0,0.0
984,0.0,1.783,1.123
985,0.0,0.0,0.0
986,0.0,0.0,0.0
987,0.0,0.0,0.0
988,0.0,0.0,0.0
989,24.55,7.159,3.714
990,0.0,0.0,0.0
991,0.0,0.0,0.0
992,0.0,0.0,0.0
993,0.0,0.0,0.0
994,0.0,0.0,0.0
995,0.0,0.0,0.0
996,0.0,0.0,0.0
997,0.0,0.0,0.0
998,0.0,0.0,0.403
999,1.433,3.809,1.743
1000,0.0,0.0,0.0
1001,0.0,0.0,0.0
1002,0.0,0.0,0.596
1003,0.0,0.0,0.0
1004,0.0,0.0,0.0
1005,0.553,0.907,1.117
1006,0.0,0.0,0.0
1007,0.0,0.0,0.0
1008,0.0,0.0,0.0
1009,0.0,0.0,0.0
1010,0.0,0.0,0.0
1011,0.0,0.0,0.0
1012,0.0,0.0,0.0
1013,0.0,0.0,0.0
1014,0.0,0.0,0.0
1015,0.0,0.0,0.0
1016,0.0,0.0,0.0
1017,0.0,0.0,0.0
1018,0.0,0.0,0.0
1019,0.0,0.0,0.0
1020,0.0,0.0,0.0
1021,0.0,0.0,0.0
1022,0.0,0.0,0.0
1023,0.0,0.0,0.0
1024,0.0,0.0,0.0
1025,0.0,0.0,0.0
1026,0.0,0.0,0.0
1027,0.0,0.0,0.0
1028,0.0,0.0,0.0
1029,0.0,0.0,0.0
1030,0.0,0.0,0.0
1031,0.0,0.0,0.0
1032,0.0,0.0,0.345
1033,0.0,0.0,0.0
1034,0.0,0.0,0.0
1035,0.0,2.617,4.229
1036,0.0,0.0,0.0
1037,0.0,0.0,0.0
1038,0.0,0.0,0.0
1039,0.0,0.0,0.0
1040,0.0,0.0,0.0
1041,0.0,0.0,0.0
1042,0.0,0.0,0.0
1043,0.0,0.0,0.0
1044,0.0,0.0,0.0
1045,0.0,0.0,0.0
1046,0.0,0.0,0.0
1047,0.0,0.0,0.0
1048,0.0,0.0,0.0
1049,0.0,0.0,0.0
1050,0.0,0.0,0.0
1051,0.0,0.0,0.0
1052,0.0,0.0,0.0
1053,0.0,0.0,0.0
1054,0.0,0.0,0.0
1055,0.0,0.0,0.0
1056,0.0,0.0,0.521
1057,0.0,0.0,0.0
1058,0.0,0.0,0.277
1059,0.0,0.0,0.0
1060,0.0,0.0,0.0
1061,0.0,0.0,0.0
1062,0.0,0.0,0.0
1063,0.0,0.0,0.0
1064,0.0,0.0,0.0
1065,0.0,0.0,0.0
1066,0.0,0.0,0.0
1067,0.0,0.0,0.0
1068,0.0,0.0,0.0
1069,0.0,0.0,0.0
1070,0.0,0.0,0.0
1071,0.0,0.0,0.0
1072,0.0,0.0,0.0
1073,0.0,0.0,0.135
1074,0.0,0.0,0.025
1075,0.0,0.0,0.025
1076,0.0,0.0,0.0
1077,0.0,0.0,0.0
1078,0.0,0.0,1.936
1079,0.0,0.0,0.0
1080,0.0,0.0,0.0
1081,0.0,0.0,0.0
1082,0.0,0.0,0.0
1083,0.0,0.185,0.143
1084,0.0,0.0,0.0
1085,0.0,0.0,0.021
1086,0.0,0.0,0.0
1087,0.0,0.0,0.0
1088,0.0,0.0,0.0
1089,0.0,0.0,0.0
1090,0.0,0.0,0.0
1091,0.0,0.0,0.0
1092,0.0,0.0,0.0
1093,0.0,0.0,0.0
1094,0.0,0.055,0.019
1095,0.0,0.0,0.141
1096,0.0,0.0,0.0
1097,0.0,0.0,0.0
1098,0.0,0.0,0.0
1099,0.0,0.0,0.0
1100,0.0,0.0,0.0
1101,0.0,0.0,0.0
1102,0.0,0.0,0.0
1103,0.0,0.0,1.471
1104,0.0,0.0,0.0
1105,0.0,0.0,0.0
1106,0.0,0.0,0.166
1107,0.0,0.0,0.0
1108,0.0,0.0,0.01
1109,0.0,0.0,0.637
1110,0.0,0.0,0.0
1111,0.0,0.0,0.0
1112,0.0,0.0,0.0
1113,0.0,0.072,0.022
1114,0.0,0.0,0.0
1115,0.0,0.0,0.0
1116,0.0,0.0,0.0
1117,0.0,0.0,0.0
1118,0.0,0.091,0.025
1119,0.0,0.0,0.13
1120,0.0,0.0,0.0
1121,0.0,0.0,0.0
1122,0.0,0.0,0.0
1123,0.0,0.0,0.0
1124,0.0,0.0,0.138
1125,0.0,0.0,0.093
1126,0.0,0.0,0.0
1127,0.0,0.0,0.0
1128,0.0,0.0,0.0
1129,0.0,0.0,0.0
1130,0.0,0.0,0.0
1131,0.0,0.0,0.0
1132,0.0,0.0,0.0
1133,0.0,0.0,0.0
1134,0.0,0.0,0.0
1135,0.0,0.0,0.025
1136,0.0,0.0,0.0
1137,0.0,0.0,0.0
1138,0.0,0.0,0.719
1139,0.0,0.0,0.0
1140,0.0,0.0,0.0
1141,0.0,0.0,0.022
1142,0.0,0.0,0.0
1143,0.0,0.0,0.0
1144,0.0,0.0,0.0
1145,0.0,0.0,0.0
1146,0.0,0.0,0.0
1147,0.0,0.0,0.0
1148,0.0,0.0,0.0
1149,0.0,0.0,0.0
1150,0.0,0.0,0.0
1151,0.0,0.0,0.0
1152,0.0,0.0,0.0
1153,0.0,0.0,0.0
1154,0.0,0.0,0.0
1155,0.0,0.0,0.0
1156,0.0,0.0,0.0
1157,0.0,0.0,0.0
1158,0.0,0.0,0.0
1159,0.0,0.0,0.0
1160,0.0,0.0,0.0
1161,0.0,0.0,0.0
1162,0.0,0.0,0.0
1163,0.0,0.0,0.0
1164,0.0,0.0,0.0
1165,0.0,0.0,0.0
1166,0.0,0.0,0.0
1167,0.0,0.0,0.0
1168,0.0,0.0,0.0
1169,0.0,0.0,0.0
1170,0.0,0.0,0.091
1171,0.0,0.0,0.0
1172,0.0,0.0,0.0
1173,0.0,0.0,0.0
1174,0.0,0.0,0.0
1175,0.0,0.0,0.0
1176,0.0,0.0,0.0
1177,0.0,0.0,0.0
1178,0.0,0.0,0.0
1179,0.0,0.0,0.0
1180,0.0,0.0,0.0
1181,0.0,0.0,0.0
1182,0.0,0.0,0.0
1183,0.386,0.086,0.024
1184,0.0,0.0,0.0
1185,0.0,0.0,0.172
1186,0.441,0.091,0.025
1187,0.0,0.0,0.018
1188,0.0,0.0,0.0
1189,0.0,0.0,0.0
1190,0.0,0.0,0.0
1191,0.0,0.0,0.0
1192,0.0,0.0,0.382
1193,0.0,0.0,0.0
1194,0.0,0.0,0.0
1195,0.0,0.0,0.0
1196,0.0,0.0,0.0
1197,0.0,0.0,0.0
1198,0.0,0.0,0.0
1199,0.0,0.0,0.0
1200,0.0,0.0,0.014
1201,0.0,0.0,0.0
1202,0.0,0.0,0.0
1203,0.0,0.0,0.0
1204,0.0,0.0,0.0
1205,0.0,0.0,0.0
1206,0.0,0.0,0.0
1207,0.0,0.0,0.0
1208,0.0,0.0,0.0
1209,0.0,0.0,0.0
1210,0.0,0.0,0.0
1211,0.0,0.0,0.08
1212,0.0,0.0,0.0
1213,0.0,0.0,0.0
1214,0.0,0.0,0.0
1215,0.0,0.0,0.0
1216,0.0,0.0,0.0
1217,0.0,0.0,1.392
1218,0.0,0.0,0.0
1219,0.0,0.0,0.0
1220,0.0,0.0,0.0
1221,0.0,0.0,0.0
1222,0.0,0.0,0.0
1223,0.0,0.0,0.0
1224,0.0,0.0,0.0
1225,0.0,0.0,0.0
1226,0.0,0.0,0.0
1227,0.0,0.0,0.0
1228,0.0,0.0,0.0
1229,0.0,0.0,0.0
1230,0.0,0.0,0.0
1231,2.321,2.452,0.968
1232,0.0,0.0,0.0
1233,0.0,0.0,0.0
1234,0.0,0.0,0.0
1235,0.0,0.0,0.0
1236,0.0,0.0,0.108
1237,0.0,0.0,0.0
1238,0.0,0.0,0.0
1239,0.0,0.0,0.0
1240,0.0,0.439,0.225
1241,0.0,0.0,0.0
1242,0.0,0.0,0.0
1243,0.0,0.0,0.0
1244,0.0,0.043,0.413
1245,0.0,0.0,0.0
1246,0.0,0.0,0.0
1247,0.0,0.0,0.0
1248,0.0,0.0,0.453
1249,0.0,0.0,0.0
1250,0.0,0.0,0.0
1251,0.0,0.0,0.0
1252,0.0,0.0,0.0
1253,0.0,0.0,0.0
1254,0.0,0.0,0.0
1255,0.0,0.0,0.0
1256,0.0,0.0,0.0
1257,0.0,0.0,0.0
1258,0.186,2.324,1.513
1259,0.0,0.0,0.158
1260,0.0,0.0,0.0
1261,0.0,0.0,0.0
1262,0.0,0.0,0.0
1263,0.028,2.289,0.674
1264,0.0,0.0,0.0
1265,0.0,0.0,0.0
1266,0.0,0.0,0.0
1267,0.0,0.0,0.0
1268,0.0,0.0,0.0
1269,0.0,0.0,0.0
1270,0.0,0.0,0.0
1271,0.0,0.0,0.0
1272,3.342,2.804,1.601
1273,0.0,0.006,0.386
1274,0.0,0.0,0.0
1275,0.0,0.0,0.0
1276,0.0,0.0,0.0
1277,0.0,0.0,0.0
1278,0.0,0.0,0.0
1279,0.0,0.0,0.0
1280,0.0,0.0,0.0
1281,0.0,0.0,0.0
1282,0.0,0.0,0.0
1283,0.0,0.0,0.098
1284,0.0,0.0,0.0
1285,0.0,0.0,0.0
1286,0.0,0.0,0.0
1287,0.0,0.0,0.0
1288,0.0,0.0,0.0
1289,0.0,0.0,0.0
1290,0.0,0.0,0.0
1291,0.0,0.0,0.0
1292,0.0,0.0,0.0
1293,0.0,0.0,0.0
1294,0.0,0.0,0.0
1295,0.0,0.0,0.0
1296,0.0,0.0,0.0
1297,0.0,0.0,0.0
1298,0.0,0.0,0.0
1299,0.0,0.0,0.0
1300,0.0,0.0,0.0
1301,0.0,0.072,0.221
1302,0.0,0.0,0.0
1303,0.0,0.0,0.0
1304,0.0,0.777,0.218
1305,0.0,0.0,0.0
1306,0.0,0.0,0.009
1307,0.0,0.0,0.0
1308,0.0,0.0,0.0
1309,0.0,0.181,0.054
1310,0.0,0.0,0.0
1311,0.0,0.0,0.0
1312,0.0,0.0,0.0
1313,0.0,0.0,0.0
1314,0.0,0.0,0.0
1315,0.0,0.0,0.0
1316,0.0,0.0,0.0
1317,0.0,0.0,0.0
1318,0.0,0.0,0.0
1319,10.167,6.213,2.005
1320,0.0,5.218,2.449
1321,0.0,0.0,0.0
1322,0.244,0.656,0.286
1323,0.0,0.0,0.0
1324,0.0,0.0,0.0
1325,0.0,0.0,0.056
1326,3.184,1.004,0.294
1327,0.704,0.641,0.184
1328,0.0,0.0,0.0
1329,0.0,0.0,0.0
1330,0.0,0.0,0.0
1331,0.0,0.0,0.055
1332,0.0,0.0,0.0
1333,0.0,0.0,0.0
1334,0.0,0.0,0.0
1335,0.0,0.0,0.0
1336,0.0,0.0,0.0
1337,3.795,1.617,0.473
1338,6.202,1.699,0.477
1339,0.0,0.0,0.0
1340,0.062,4.065,2.327
1341,0.0,0.0,0.0
1342,0.0,0.0,0.0
1343,0.0,0.0,0.0
1344,0.0,0.0,0.0
1345,4.121,1.508,0.465
1346,0.0,0.0,0.0
1347,0.0,0.0,0.0
1348,0.0,0.0,0.0
1349,0.0,0.0,0.0
1350,2.66,0.628,0.331
1351,0.0,0.0,0.0
1352,0.0,0.0,0.0
1353,0.0,0.0,0.0
1354,0.0,0.0,0.0
1355,0.0,0.0,0.184
1356,0.0,0.0,0.0
1357,0.679,0.241,1.925
1358,0.0,0.0,0.0
1359,0.0,0.0,0.0
1360,0.0,0.0,0.0
1361,1.168,0.704,0.547
1362,0.0,0.0,0.0
1363,0.0,0.0,0.0
1364,0.0,0.0,0.184
1365,0.0,0.0,0.0
1366,0.0,0.0,0.0
1367,0.0,0.0,0.0
1368,0.0,0.0,0.0
1369,0.0,0.0,0.0
1370,0.0,0.597,0.177
1371,0.0,0.0,0.0
1372,0.0,0.464,0.196
1373,0.0,0.0,0.0
1374,0.0,0.0,0.0
1375,0.0,0.265,0.271
1376,0.0,0.0,0.0
1377,0.0,0.0,0.0
1378,0.0,0.0,0.0
1379,0.0,0.0,0.0
1380,0.0,0.0,0.0
1381,0.0,0.0,0.0
1382,0.0,0.0,0.0
1383,0.0,0.0,0.302
1384,0.0,0.0,0.0
1385,0.0,0.0,0.0
1386,0.526,0.186,0.195
1387,0.0,0.0,0.0
1388,0.0,0.0,0.0
1389,0.0,0.0,0.678
1390,0.0,0.0,0.0
1391,0.0,0.0,0.0
1392,0.0,0.0,0.0
1393,0.0,0.0,0.0
1394,0.0,0.0,0.0
1395,0.0,0.0,0.0
1396,0.0,0.0,0.0
1397,0.0,0.0,0.0
1398,0.0,0.0,0.0
1399,0.0,0.474,0.19
1400,0.0,0.0,0.0
1401,0.0,0.0,0.0
1402,0.0,0.106,0.283
1403,0.0,0.0,0.0
1404,0.0,0.0,0.0
1405,0.0,0.0,0.0
1406,0.0,0.0,0.0
1407,0.0,0.0,0.0
1408,0.0,0.0,0.0
1409,0.0,0.0,0.0
1410,0.0,0.0,0.062
1411,0.0,0.0,0.0
1412,0.0,0.0,0.0
1413,0.0,0.0,0.0
1414,0.0,0.394,0.447
1415,0.0,0.0,0.185
1416,0.0,0.0,0.185
1417,0.0,0.0,0.0
1418,0.0,0.0,0.0
1419,0.0,0.0,0.0
1420,0.0,0.0,0.0
1421,0.0,0.0,0.054
1422,0.0,0.0,0.15
1423,0.0,0.0,0.0
1424,0.0,0.0,0.0
1425,0.0,0.305,0.09
1426,0.0,0.0,0.0
1427,0.0,0.0,0.164
1428,0.0,0.0,0.0
1429,0.0,0.0,0.0
1430,0.0,0.0,0.0
1431,0.0,0.0,0.0
1432,0.0,0.0,0.0
1433,0.0,0.0,0.0
1434,0.0,0.0,0.0
1435,0.0,0.0,0.0
1436,0.0,0.0,0.0
1437,0.0,0.0,0.208
1438,0.0,0.0,0.0
1439,0.0,0.0,0.0
1440,0.0,0.0,0.0
1441,0.0,0.0,0.0
1442,0.0,0.0,0.0
1443,0.0,0.0,0.054
1444,0.0,0.0,0.0
1445,0.0,0.0,0.0
1446,0.0,0.0,0.0
1447,0.0,0.0,0.0
1448,0.0,0.0,0.0
1449,0.0,0.0,0.0
1450,0.0,0.0,0.0
1451,0.0,0.0,0.0
1452,0.0,0.0,0.118
1453,0.0,0.0,0.0
1454,0.0,0.0,0.0
1455,0.0,0.0,0.112
1456,0.0,0.0,0.0
1457,0.0,0.0,0.0
1458,0.0,0.0,0.0
1459,0.0,0.0,0.0
1460,0.0,0.0,0.0
1461,0.0,0.0,0.0
1462,0.0,0.0,0.0
1463,0.0,0.0,0.09
1464,0.0,0.0,0.0
1465,0.0,0.0,0.0
1466,0.0,0.0,0.112
1467,0.0,0.0,0.117
1468,0.0,0.0,0.0
1469,0.0,0.0,0.0
1470,0.0,0.0,0.0
1471,0.0,0.0,0.0
1472,0.0,0.0,0.0
1473,0.0,0.0,0.0
1474,0.0,0.0,0.0
1475,0.0,0.0,0.0
1476,0.0,0.0,0.0
1477,0.0,0.0,0.0
1478,0.0,0.0,0.0
1479,0.0,0.0,0.0
1480,0.0,0.0,0.0
1481,0.0,0.0,0.0
1482,0.0,0.0,0.0
1483,0.0,0.0,0.0
1484,0.0,0.0,0.0
1485,0.0,0.0,0.0
1486,0.0,0.0,0.0
1487,0.0,0.0,0.0
1488,0.0,0.0,0.0
1489,0.0,0.0,0.0
1490,0.0,0.0,0.0
1491,0.0,0.0,0.0
1492,0.0,0.0,0.0
1493,0.0,0.0,0.0
1494,0.0,0.0,0.0
1495,0.0,0.0,0.0
1496,0.0,0.042,0.085
1497,0.0,0.0,0.0
1498,0.0,0.0,0.0
1499,0.0,0.0,0.0
1500,0.0,0.0,0.0
1501,0.0,0.0,0.0
1502,0.0,0.0,0.0
1503,0.0,0.0,0.0
1504,0.0,0.0,0.0
1505,0.0,0.0,0.0
1506,0.0,0.0,0.0
1507,0.0,0.0,0.0
1508,0.0,0.0,0.0
1509,0.0,0.0,0.0
1510,0.0,0.0,0.0
1511,0.0,0.0,0.0
1512,0.0,0.0,0.0
1513,0.0,0.0,0.0
1514,0.0,0.0,0.0
1515,0.0,0.0,0.0
1516,0.0,0.0,0.0
1517,0.0,0.0,0.0
1518,0.0,0.0,0.0
1519,0.0,0.0,0.0
1520,0.0,0.0,0.0
1521,0.0,0.0,0.0
1522,0.0,0.0,0.0
1523,0.0,0.0,0.0
1524,0.0,0.0,0.0
1525,0.0,0.0,0.0
1526,0.0,0.0,0.0
1527,0.0,0.0,0.0
1528,0.0,0.0,0.0
1529,0.0,0.0,0.0
1530,0.0,0.0,0.0
1531,0.0,0.0,0.0
1532,0.0,0.0,0.0
1533,0.0,0.0,0.0
1534,0.0,0.0,0.0
1535,0.0,0.0,0.0
1536,0.0,0.0,0.0
1537,0.0,0.0,0.0
1538,0.0,0.0,0.004
1539,0.0,0.0,0.0
1540,0.0,0.0,0.0
1541,0.0,0.0,0.0
1542,0.0,0.0,0.0
1543,0.0,0.0,0.0
1544,0.0,0.0,0.0
1545,0.0,0.0,0.0
1546,0.0,0.0,0.0
1547,0.0,0.0,0.0
1548,0.0,0.0,0.0
1549,0.0,0.0,0.0
1550,0.0,0.0,0.0
1551,0.0,0.0,0.0
1552,0.0,0.0,0.0
1553,0.0,0.0,0.0
1554,0.0,0.0,0.0
1555,0.0,0.0,0.0
1556,0.0,0.0,0.0
1557,0.0,0.0,0.0
1558,0.0,0.0,0.0
1559,0.0,0.0,0.0
1560,0.0,0.0,0.0
1561,0.0,0.0,0.0
1562,0.0,0.0,0.0
1563,0.0,0.0,0.0
1564,0.0,0.0,0.0
1565,0.0,0.0,0.0
1566,0.0,0.0,0.0
1567,0.0,0.0,0.0
1568,0.0,0.0,0.0
1569,0.0,0.0,0.0
1570,0.0,0.0,0.0
1571,0.0,0.0,0.0
1572,0.0,0.0,0.0
1573,0.0,0.0,0.0
1574,0.0,0.0,0.0
1575,0.0,0.0,0.0
1576,0.0,0.0,0.0
1577,0.0,0.0,0.0
1578,0.0,0.0,0.0
1579,0.0,0.0,0.0
1580,0.0,0.0,0.0
1581,0.0,0.0,0.0
1582,0.0,0.0,0.0
1583,0.0,0.0,0.0
1584,0.0,0.0,0.0
1585,0.0,0.0,0.0
1586,0.0,0.0,0.0
1587,0.0,0.0,0.0
1588,0.0,0.0,0.0
1589,0.0,0.0,0.0
1590,0.0,0.0,0.0
1591,0.0,0.0,0.0
1592,0.0,0.0,0.0
1593,0.0,0.0,0.0
1594,0.0,0.0,0.0
1595,0.0,0.0,0.0
1596,0.0,0.0,0.0
1597,0.0,0.0,0.0
1598,0.0,0.0,0.0
1599,0.0,0.0,0.0
1600,0.0,0.0,0.0
1601,0.0,0.0,0.0
1602,0.0,0.0,0.0
1603,0.0,0.0,0.0
1604,0.0,0.0,0.0
1605,0.0,0.0,0.0
1606,0.0,0.0,0.0
1607,0.0,0.0,0.0
1608,0.0,0.0,0.0
1609,0.0,0.0,0.0
1610,0.0,0.0,0.0
1611,0.0,0.0,0.0
1612,0.0,0.0,0.0
1613,0.0,0.0,0.0
1614,0.0,0.0,0.0
1615,0.0,0.0,0.0
1616,0.0,0.0,0.0
1617,0.0,0.0,0.0
1618,0.0,0.0,0.0
1619,0.0,0.0,0.0
1620,0.0,0.0,0.0
1621,0.0,0.0,0.0
1622,0.0,0.0,0.0
1623,0.0,0.0,0.0
1624,0.0,0.0,0.0
1625,0.0,0.0,0.0
1626,0.0,0.0,0.0
1627,0.0,0.0,0.0
1628,0.0,0.0,0.0
1629,0.0,0.0,0.0
1630,0.0,0.0,0.0
1631,0.0,0.0,0.0
1632,0.0,0.0,0.0
1633,0.0,0.0,0.0
1634,0.0,0.0,0.0
1635,0.0,0.0,0.0
1636,0.0,0.0,0.0
1637,0.357,0.672,1.184
1638,0.0,0.0,0.0
1639,0.0,0.0,0.0
1640,0.0,0.0,0.0
1641,0.0,0.0,0.0
1642,0.0,0.0,0.0
1643,0.0,0.0,0.0
1644,0.0,0.0,0.0
1645,0.0,0.0,0.0
1646,0.0,0.0,0.0
1647,0.0,0.0,0.0
1648,0.0,0.0,0.0
1649,0.0,0.0,0.0
1650,0.0,0.0,0.0
1651,0.0,0.0,0.0
1652,0.0,0.0,0.0
1653,0.0,0.0,0.0
1654,0.0,0.0,0.0
1655,0.0,0.0,0.0
1656,0.0,0.0,0.0
1657,0.0,0.0,0.0
1658,0.0,0.0,0.0
1659,0.0,0.0,0.0
1660,0.0,0.0,0.0
1661,0.0,0.0,0.0
1662,0.0,0.0,0.0
1663,0.0,0.0,0.0
1664,0.0,0.0,0.0
1665,0.0,0.0,0.014
1666,0.0,0.0,0.013
1667,0.0,0.0,0.0
1668,0.0,0.0,0.0
1669,0.0,0.0,0.0
1670,0.0,0.0,0.0
1671,0.0,0.0,0.0
1672,0.0,0.0,0.0
1673,0.0,0.0,0.0
1674,0.0,0.0,0.0
1675,0.0,0.0,0.0
1676,0.0,0.0,0.0
1677,0.0,0.0,0.0
1678,0.0,0.0,0.0
1679,0.0,0.0,0.0
1680,0.0,0.0,0.0
1681,0.0,0.0,0.0
1682,0.0,0.0,0.0
1683,0.0,0.0,0.0
1684,0.0,0.0,0.0
1685,0.0,0.0,0.0
1686,0.0,0.0,0.0
1687,0.0,0.0,0.0
1688,0.0,0.0,0.0
1689,0.0,0.0,0.0
1690,0.0,0.0,0.0
1691,0.0,0.0,0.0
1692,0.0,0.0,0.0
1693,0.0,0.0,0.0
1694,0.0,0.0,0.0
1695,0.0,0.0,0.0
1696,0.0,0.0,0.0
1697,0.0,0.0,0.013
1698,0.0,0.0,0.0
1699,0.0,0.0,0.0
1700,0.0,0.0,0.0
1701,0.0,0.0,0.0
1702,0.0,0.0,0.0
1703,0.0,0.0,0.0
1704,0.0,0.0,0.0
1705,0.45,2.514,2.81
1706,0.0,0.0,0.0
1707,0.0,0.0,0.098
1708,0.0,0.0,0.0
1709,0.0,0.0,0.0
1710,0.0,1.406,2.591
1711,0.0,0.0,0.0
1712,0.0,0.0,0.0
1713,0.0,0.0,0.0
1714,0.0,0.0,0.09
1715,0.0,0.0,0.0
1716,0.0,0.0,0.014
1717,0.0,0.0,0.0
1718,0.0,0.0,0.0
1719,0.0,0.0,0.0
1720,0.0,0.0,0.0
1721,0.044,0.141,0.058
1722,0.0,0.0,0.0
1723,0.0,0.0,0.0
1724,0.0,0.0,0.112
1725,0.0,0.0,0.0
1726,0.0,0.0,0.0
1727,0.0,0.0,0.0
1728,0.0,0.0,0.0
1729,0.0,0.0,0.0
1730,0.0,0.0,0.0
1731,0.097,2.829,2.739
1732,0.787,2.211,1.282
1733,0.0,0.0,0.0
1734,0.0,0.0,0.0
1735,0.0,0.0,0.0
1736,0.0,0.0,0.0
1737,0.0,0.0,0.0
1738,0.0,0.0,0.0
1739,0.0,0.0,0.0
1740,0.0,0.0,0.024
1741,0.0,0.0,0.007
1742,0.0,0.0,0.0
1743,0.0,0.0,0.0
1744,4.23,4.724,2.508
1745,0.0,0.0,0.0
1746,0.0,0.0,0.0
1747,0.0,0.085,0.024
1748,0.0,0.0,0.0
1749,0.0,0.0,0.014
1750,0.0,0.0,0.101
1751,0.0,0.0,0.0
1752,0.0,0.0,0.0
1753,0.0,0.0,0.0
1754,0.0,0.0,0.0
1755,0.0,0.0,0.0
1756,0.0,0.04,0.012
1757,1.423,0.397,1.569
1758,0.0,0.0,0.0
1759,0.0,0.0,0.0
1760,1.136,3.325,1.157
1761,0.0,0.321,2.267
1762,0.0,0.0,0.0
1763,0.0,0.0,0.069
1764,0.0,0.0,0.0
1765,0.0,0.0,0.014
1766,0.0,0.0,0.0
1767,0.0,1.021,2.225
1768,0.0,0.0,0.0
1769,0.392,1.388,1.912
1770,0.0,0.0,0.094
1771,0.0,0.0,0.028
1772,0.0,0.0,0.0
1773,0.193,0.305,0.096
1774,0.125,0.356,0.104
1775,0.0,0.0,0.0
1776,0.0,0.186,0.325
1777,0.0,0.325,0.878
1778,0.0,0.0,0.0
1779,0.0,0.337,1.108
1780,0.0,0.0,0.0
1781,0.0,0.0,0.0
1782,0.0,0.049,0.11
1783,0.0,0.0,0.0
1784,0.0,0.0,0.0
1785,0.0,0.0,0.0
1786,0.0,0.0,0.052
1787,0.0,0.0,0.0
1788,0.0,0.0,0.0
1789,0.0,0.0,0.0
1790,0.0,0.0,0.0
1791,0.0,0.0,0.0
1792,0.0,0.0,0.0
1793,0.242,0.055,0.029
1794,0.0,0.0,0.108
1795,0.0,0.0,0.0
1796,0.0,0.355,0.126
1797,0.0,0.0,0.025
1798,0.0,0.062,0.104
1799,0.0,0.0,0.0
1800,0.0,0.0,0.0
1801,0.0,0.0,0.0
1802,0.0,0.0,0.0
1803,0.0,0.0,0.0
1804,0.0,0.0,0.0
1805,0.0,0.0,0.0
1806,0.0,0.0,0.015
1807,0.156,0.093,1.415
1808,0.0,0.0,0.0
1809,0.0,0.0,0.0
1810,0.0,0.0,0.0
1811,0.0,0.0,0.0
1812,0.0,0.0,0.0
1813,0.0,0.356,0.129
1814,0.0,0.0,0.0
1815,0.0,0.024,0.098
1816,0.0,0.0,0.0
1817,0.0,0.374,0.107
1818,0.0,0.0,0.0
1819,0.0,0.35,0.106
1820,0.0,0.0,0.097
1821,0.0,0.0,0.0
1822,0.0,0.0,0.0
1823,0.0,0.0,0.0
1824,0.0,0.0,0.0
1825,0.0,0.0,0.0
1826,0.0,0.0,0.0
1827,0.0,0.0,0.0
1828,0.0,0.0,0.0
1829,0.0,0.0,0.016
1830,0.0,0.0,0.113
1831,0.0,0.0,0.0
1832,0.0,0.0,0.0
1833,0.0,0.0,0.0
1834,0.0,0.0,0.0
1835,0.0,0.0,0.0
1836,0.0,0.0,0.0
1837,0.0,0.0,0.0
1838,0.0,0.0,0.0
1839,0.0,0.0,0.0
1840,0.0,0.0,0.0
1841,0.0,0.0,0.0
1842,0.0,0.0,0.0
1843,0.0,0.0,0.0
1844,0.0,0.0,0.104
1845,0.0,0.0,0.0
1846,0.0,0.0,0.11
1847,0.0,0.0,0.0
1848,0.0,0.0,0.0
1849,0.0,0.0,0.0
1850,0.0,0.0,0.0
1851,0.0,0.0,0.0
1852,0.0,0.0,0.0
1853,0.0,0.249,0.087
1854,0.0,0.0,0.0
1855,0.0,0.0,0.0
1856,0.0,0.0,0.0
1857,0.0,0.0,0.0
1858,0.0,0.0,0.0
1859,0.0,0.0,0.0
1860,0.0,0.0,0.0
1861,0.0,0.0,0.0
1862,0.0,0.0,0.0
1863,0.0,0.0,0.0
1864,0.0,0.0,0.101
1865,0.0,0.0,0.0
1866,0.0,0.0,0.0
1867,0.0,0.0,0.0
1868,0.0,0.0,0.0
1869,0.0,0.0,0.0
1870,0.0,0.0,0.114
1871,0.0,0.004,0.065
1872,0.0,0.0,0.0
1873,0.0,0.0,0.0
1874,0.0,0.0,0.0
1875,0.0,0.0,0.0
1876,0.0,0.0,0.0
1877,0.0,0.0,0.0
1878,0.0,0.0,0.0
1879,0.0,0.0,0.0
1880,0.0,0.0,0.0
1881,0.0,0.0,0.0
1882,0.0,0.0,0.0
1883,0.0,0.0,0.0
1884,0.0,0.0,0.0
1885,0.0,0.0,0.0
1886,0.0,0.0,0.0
1887,0.0,0.0,0.0
1888,0.0,0.0,0.035
1889,0.0,0.0,0.0
1890,0.0,0.0,0.0
1891,0.0,0.0,0.0
1892,0.0,0.0,0.0
1893,0.0,0.0,0.0
1894,0.0,0.0,0.0
1895,0.0,0.0,0.0
1896,0.0,0.0,0.0
1897,0.0,0.0,0.0
1898,0.0,0.0,0.644
1899,0.0,0.0,0.0
1900,0.0,0.0,0.0
1901,0.0,0.0,0.0
1902,0.0,0.0,0.0
1903,0.0,0.0,0.003
1904,0.0,0.0,0.0
1905,0.0,0.0,0.0
1906,0.0,0.0,0.0
1907,0.0,0.0,0.0
1908,0.0,0.0,0.0
1909,0.0,0.0,0.0
1910,0.0,0.0,0.0
1911,0.0,0.0,1.157
1912,0.0,0.0,0.0
1913,0.0,0.0,0.0
1914,0.0,0.0,0.0
1915,0.0,0.0,0.0
1916,0.0,0.0,0.0
1917,0.0,0.0,0.0
1918,0.0,0.0,0.0
1919,0.0,0.0,0.0
1920,0.0,0.0,0.158
1921,0.0,0.0,0.0
1922,0.0,0.0,0.0
1923,0.0,0.0,0.0
1924,0.0,0.0,0.0
1925,0.0,0.0,0.0
1926,0.0,0.0,0.0
1927,0.0,0.0,0.0
1928,0.0,0.0,0.0
1929,0.0,0.0,0.0
1930,0.0,0.0,0.0
1931,0.0,0.0,0.0
1932,0.0,0.0,0.0
1933,0.0,0.0,0.0
1934,0.0,0.0,0.094
1935,0.0,0.0,0.0
1936,0.0,0.0,0.0
1937,0.0,0.0,0.0
1938,0.0,0.0,0.0
1939,0.0,0.0,0.008
1940,0.0,0.0,0.0
1941,0.0,0.0,0.008
1942,0.0,0.0,0.0
1943,0.0,0.0,0.0
1944,0.0,0.0,0.369
1945,0.0,0.0,0.0
1946,0.0,0.0,0.211
1947,0.0,0.0,0.0
1948,0.0,0.0,0.105
1949,0.0,0.0,0.0
1950,0.0,0.0,0.0
1951,0.0,0.0,0.0
1952,0.0,0.0,0.0
1953,0.0,0.0,0.0
1954,0.0,0.0,0.0
1955,0.0,0.0,0.067
1956,0.0,0.0,0.0
1957,0.0,0.0,0.0
1958,0.0,0.0,0.0
1959,0.0,0.0,0.0
1960,0.0,0.0,0.0
1961,0.0,0.0,0.0
1962,0.0,0.0,0.179
1963,0.0,0.0,0.0
1964,0.0,0.0,0.0
1965,0.0,0.0,0.0
1966,0.0,0.396,1.623
1967,0.0,0.0,0.043
1968,0.0,0.0,0.0
1969,0.0,0.384,1.405
1970,0.0,0.0,0.0
1971,0.0,0.0,0.0
1972,0.0,0.0,0.0
1973,0.0,0.0,0.0
1974,0.0,0.0,0.0
1975,0.0,0.0,0.0
1976,0.0,0.0,0.0
1977,0.0,0.0,0.0
1978,0.0,0.0,0.0
1979,0.0,0.0,0.0
1980,0.0,0.0,0.929
1981,0.0,0.011,0.27
1982,0.0,0.0,0.0
1983,0.0,0.0,0.0
1984,0.0,0.0,0.0
1985,0.0,0.0,0.83
1986,0.0,0.0,0.477
1987,0.0,0.0,0.0
1988,0.0,0.025,0.45
1989,0.0,0.0,0.0
1990,0.0,0.0,0.0
1991,0.0,0.0,0.0
1992,0.0,0.0,0.0
1993,0.0,0.0,0.0
1994,0.0,0.0,0.0
1995,0.0,0.0,0.0
1996,0.0,0.0,0.0
1997,0.0,0.0,0.0
1998,8.693,2.635,0.888
1999,0.0,0.384,0.453
2000,0.0,0.0,0.0
2001,0.0,0.0,0.0
2002,0.0,0.0,0.0
2003,0.0,0.0,0.0
2004,0.0,0.0,0.0
2005,0.0,0.342,1.611
2006,0.0,0.0,0.438
2007,0.0,0.0,0.0
2008,0.0,0.0,0.0
2009,0.0,0.0,0.0
2010,0.0,0.0,0.0
2011,0.0,0.0,0.0
2012,0.174,3.287,1.652
2013,0.0,0.0,0.0
2014,0.0,0.0,0.0
2015,0.0,0.0,0.003
2016,0.0,0.0,0.441
2017,0.0,0.0,0.0
2018,0.0,0.0,0.0
2019,0.0,0.0,0.003
2020,0.0,1.042,0.361
2021,0.0,0.0,0.0
2022,0.125,0.806,1.197
2023,0.0,0.0,0.0
2024,0.0,0.0,0.003
2025,0.0,0.0,0.0
2026,0.0,0.0,0.008
2027,0.0,0.0,0.0
2028,0.0,0.0,0.0
2029,0.0,0.0,0.0
2030,0.0,0.0,0.0
2031,0.0,0.0,0.0
2032,0.0,0.0,0.0
2033,0.0,0.0,0.0
2034,0.0,0.0,0.0
2035,0.143,1.49,0.494
2036,0.0,0.0,0.0
2037,0.0,0.0,0.019
2038,0.0,0.0,0.0
2039,0.0,0.0,0.0
2040,0.0,0.0,0.0
2041,0.0,0.0,0.0
2042,0.0,0.0,0.008
2043,0.0,0.0,0.0
2044,4.761,1.551,0.458
2045,0.0,0.0,0.0
2046,0.0,0.0,0.0
2047,0.0,0.0,0.0
2048,0.0,0.0,0.008
2049,0.0,0.0,0.0
2050,0.0,0.0,0.0
2051,0.0,0.0,0.0
2052,0.0,0.0,0.0
2053,0.0,0.0,0.0
2054,0.0,0.0,0.0
2055,0.0,0.0,0.0
2056,0.0,0.0,0.0
2057,0.0,0.0,0.0
2058,0.0,0.0,0.0
2059,0.0,0.0,0.0
2060,0.0,0.0,0.0
2061,0.0,0.0,0.0
2062,0.0,0.0,0.0
2063,0.126,0.073,1.622
2064,0.0,0.0,0.0
2065,0.0,0.0,0.008
2066,0.0,0.0,0.0
2067,0.0,0.0,0.0
2068,0.0,0.0,0.0
2069,0.0,0.0,0.0
2070,0.0,0.0,0.0
2071,0.0,0.0,0.0
2072,0.0,0.0,0.0
2073,0.0,0.0,0.0
2074,0.0,0.0,0.0
2075,0.0,0.0,0.0
2076,0.08,1.127,1.418
2077,0.0,0.0,0.0
2078,0.0,0.0,0.0
2079,0.0,0.0,0.0
2080,0.0,0.0,0.0
2081,0.013,0.004,0.002
2082,0.0,0.0,0.0
2083,0.0,0.0,0.0
2084,0.0,0.0,0.0
2085,0.0,0.0,0.0
2086,8.097,1.74,0.485
2087,0.0,0.0,0.0
2088,0.0,0.0,0.0
2089,0.0,0.0,0.0
2090,0.0,0.0,0.0
2091,0.0,0.0,0.0
2092,0.0,1.094,0.422
2093,0.0,0.0,0.0
2094,0.0,0.0,0.0
2095,0.0,0.0,0.0
2096,0.0,0.0,0.0
2097,0.0,0.0,0.0
2098,0.0,0.0,0.0
2099,0.0,0.0,0.0
2100,0.0,0.0,0.007
2101,1.242,0.915,0.336
2102,0.0,0.0,0.0
2103,0.0,1.417,0.47
2104,0.0,0.0,0.0
2105,0.0,0.0,0.0
2106,0.0,0.0,0.0
2107,0.0,0.0,0.0
2108,0.0,0.0,0.0
2109,0.0,0.0,0.0
2110,0.0,0.0,0.0
2111,0.0,0.0,0.488
2112,0.0,0.029,0.008
2113,0.0,0.0,0.0
2114,0.0,0.0,0.0
2115,0.0,0.0,0.0
2116,0.0,0.0,0.0
2117,0.0,0.0,0.0
2118,0.0,1.65,0.479
2119,0.0,0.0,0.0
2120,0.0,0.0,0.0
2121,0.0,0.0,0.008
2122,0.0,0.0,0.0
2123,0.0,0.0,0.0
2124,0.0,0.048,1.483
2125,0.0,0.0,0.019
2126,0.0,0.0,0.0
2127,0.0,0.0,0.0
2128,0.0,0.0,0.0
2129,0.0,0.043,1.091
2130,0.0,0.0,0.0
2131,0.0,0.0,0.0
2132,0.0,0.0,0.0
2133,0.0,0.031,0.008
2134,0.0,0.0,0.0
2135,0.0,0.0,0.0
2136,0.0,0.0,0.0
2137,0.0,0.0,0.0
2138,0.0,0.0,0.0
2139,0.0,0.0,0.0
2140,0.0,0.0,0.005
2141,0.0,0.0,0.0
2142,0.0,0.0,0.243
2143,0.0,0.0,0.0
2144,0.0,0.0,0.0
2145,0.0,0.0,0.0
2146,0.0,0.0,0.0
2147,0.0,0.0,0.0
2148,0.0,0.0,0.0
2149,0.0,0.0,0.0
2150,0.0,0.0,0.0
2151,0.0,0.0,0.019
2152,0.0,0.0,0.0
2153,0.0,0.0,0.018
2154,0.0,0.0,0.447
2155,0.0,0.0,0.0
2156,0.0,0.0,0.0
2157,0.0,0.0,0.0
2158,0.0,0.0,0.0
2159,0.0,0.0,0.024
2160,0.082,0.022,0.007
2161,0.0,0.0,0.0
2162,0.0,0.0,0.424
2163,0.0,0.0,0.0
2164,0.0,0.0,0.007
2165,0.0,0.0,0.0
2166,0.0,0.0,0.0
2167,0.0,0.0,0.0
2168,0.0,0.0,0.0
2169,0.0,0.0,0.0
2170,0.0,0.0,0.0
2171,0.0,0.0,0.0
2172,0.0,0.0,0.0
2173,0.0,0.0,0.0
2174,0.0,0.0,0.0
2175,0.0,0.0,0.0
2176,0.0,0.0,0.365
2177,0.0,0.0,0.0
2178,0.0,0.0,0.0
2179,0.0,0.0,0.0
2180,0.0,0.0,0.008
2181,0.0,0.0,0.0
2182,0.0,0.0,0.0
2183,0.0,0.0,0.0
2184,0.0,0.0,0.023
2185,0.0,0.0,0.0
2186,0.0,0.0,0.0
2187,0.0,0.0,0.0
2188,0.0,0.0,0.0
2189,0.0,0.0,0.0
2190,0.0,0.0,0.388
2191,0.0,0.0,0.025
2192,0.0,0.0,0.0
2193,0.0,0.0,0.008
2194,0.0,0.0,0.0
2195,0.0,0.0,0.0
2196,0.0,0.0,0.033
2197,0.0,0.0,0.016
2198,0.0,0.0,0.0
2199,0.0,0.0,0.0
2200,0.0,0.0,0.0
2201,0.0,0.0,0.008
2202,0.0,0.025,0.084
2203,0.0,0.0,0.829
2204,0.0,0.0,0.0
2205,0.0,0.0,0.0
2206,0.0,0.0,0.0
2207,0.0,0.0,0.008
2208,0.0,0.0,0.0
2209,0.0,0.0,0.015
2210,0.0,0.0,0.0
2211,0.0,0.0,0.0
2212,0.0,0.0,0.0
2213,0.0,0.0,0.0
2214,0.131,0.045,0.075
2215,0.0,0.04,0.016
2216,0.0,0.0,0.025
2217,0.0,0.043,0.207
2218,0.0,0.0,0.0
2219,0.0,0.0,0.0
2220,0.0,0.0,0.0
2221,0.0,0.0,0.025
2222,0.0,0.0,0.0
2223,0.0,0.0,0.023
2224,0.0,0.0,0.0
2225,0.0,0.0,0.0
2226,0.0,0.0,0.0
2227,0.0,0.0,0.0
2228,0.0,0.0,0.016
2229,0.0,0.08,0.107
2230,0.0,0.0,0.0
2231,0.0,0.011,0.008
2232,0.0,0.0,0.016
2233,0.0,0.0,0.0
2234,0.0,0.0,0.0
2235,0.0,0.0,0.0
2236,0.0,0.029,0.072
2237,0.0,0.0,0.0
2238,0.0,0.0,0.0
2239,0.0,0.0,0.0
2240,0.0,0.0,0.0
2241,0.0,0.0,0.0
2242,0.0,0.0,0.0
2243,0.0,0.0,0.02
2244,0.0,0.796,0.221
2245,0.456,0.093,0.072
2246,0.0,0.036,0.012
2247,0.0,0.0,0.0
2248,0.0,0.0,0.0
2249,0.185,0.048,0.015
2250,0.0,0.0,0.0
2251,0.0,0.0,0.0
2252,0.0,0.0,0.0
2253,0.0,0.0,0.198
2254,0.0,0.0,0.0
2255,0.0,0.0,0.21
2256,0.044,0.043,0.014
2257,0.0,0.0,0.0
2258,0.0,0.0,0.097
2259,0.0,0.0,0.016
2260,0.0,0.0,0.0
2261,0.0,0.0,0.0
2262,0.2,0.052,0.087
2263,0.0,0.029,0.071
2264,0.0,0.0,0.0
2265,0.0,0.0,0.0
2266,0.0,0.0,0.0
2267,0.0,0.0,0.0
2268,0.0,0.0,0.0
2269,0.0,0.0,0.0
2270,0.0,0.0,0.0
2271,0.0,0.0,0.0
2272,0.0,0.0,0.0
2273,0.0,0.0,0.0
2274,0.0,0.0,0.0
2275,0.0,0.0,0.218
2276,0.0,0.0,0.0
2277,0.0,0.0,0.015
2278,0.0,0.0,0.0
2279,0.0,0.0,0.025
2280,0.0,0.0,0.0
2281,0.0,0.0,0.0
2282,0.0,0.0,0.0
2283,0.0,0.0,0.0
2284,0.0,0.0,0.073
2285,0.37,0.084,0.102
2286,0.0,0.0,0.0
2287,0.0,0.0,0.0
2288,0.233,0.064,0.236
2289,0.243,0.055,0.016
2290,0.0,0.0,0.0
2291,0.0,0.091,0.025
2292,0.0,0.028,0.086
2293,0.0,0.179,2.576
2294,0.0,0.0,0.0
2295,0.0,0.0,0.017
2296,0.217,0.052,0.015
2297,0.0,0.0,0.0
2298,0.0,0.055,0.016
2299,0.0,0.275,0.087
2300,0.278,0.059,0.017
2301,0.0,0.26,0.072
2302,0.0,0.0,0.0
2303,0.0,0.0,0.0
2304,0.0,0.056,0.016
2305,0.0,0.0,0.0
2306,0.0,0.0,0.0
2307,0.0,0.0,0.0
2308,0.0,0.0,0.0
2309,0.0,0.0,0.023
2310,0.0,0.0,0.0
2311,0.0,0.0,0.0
2312,0.0,0.0,0.0
2313,0.0,0.0,0.0
2314,0.0,0.0,0.0
2315,0.0,0.203,0.063
2316,0.0,0.0,0.0
2317,0.0,0.05,0.015
2318,0.0,0.0,0.0
2319,0.868,0.244,0.07
2320,0.0,0.0,0.014
2321,0.0,0.0,0.0
2322,0.0,0.0,0.0
2323,0.0,0.0,0.07
2324,0.0,0.0,0.0
2325,0.0,0.083,0.045
2326,0.0,0.0,0.0
2327,0.0,0.056,0.016
2328,0.0,0.0,0.0
2329,0.0,0.0,0.0
2330,0.0,0.0,0.0
2331,0.0,0.0,0.0
2332,0.0,0.0,0.0
2333,0.0,0.0,0.0
2334,0.515,0.234,0.068
2335,0.0,0.0,0.013
2336,0.0,0.0,0.0
2337,0.244,0.103,0.055
2338,0.0,0.0,0.0
2339,0.0,0.0,0.006
2340,0.0,0.152,0.066
2341,0.0,0.0,0.0
2342,0.0,0.0,0.0
2343,0.0,0.0,0.0
2344,0.0,0.0,0.0
2345,0.0,0.0,0.0
2346,0.37,0.11,0.043
2347,0.092,0.087,0.025
2348,0.0,0.0,0.015
2349,0.0,0.0,0.0
2350,0.0,0.0,0.0
2351,0.0,0.0,0.0
2352,0.0,0.0,0.0
2353,0.0,0.0,0.0
2354,0.0,0.0,0.016
2355,0.0,0.0,0.0
2356,0.0,0.0,0.0
2357,0.0,0.0,0.0
2358,0.0,0.0,0.0
2359,0.0,0.0,0.0
2360,0.0,0.0,0.0
2361,0.0,0.0,0.0
2362,0.0,0.0,0.016
2363,0.0,0.0,0.0
2364,0.0,0.0,0.0
2365,0.0,0.0,0.056
2366,0.0,0.0,0.015
2367,0.0,0.0,0.014
2368,0.0,0.0,0.0
2369,0.0,0.0,0.0
2370,0.0,0.173,0.062
2371,0.0,0.0,0.0
2372,0.0,0.0,0.0
2373,0.0,0.237,0.074
2374,0.0,0.0,0.0
2375,0.0,0.0,0.0
2376,0.0,0.0,0.476
2377,0.0,0.0,0.0
2378,0.0,0.0,0.0
2379,0.0,0.0,0.016
2380,0.0,0.0,0.0
2381,0.0,0.0,0.0
2382,0.0,0.0,0.0
2383,0.0,0.0,0.0
2384,0.0,0.0,0.0
2385,0.0,0.0,0.0
2386,0.0,0.0,0.0
2387,0.0,0.0,0.0
2388,0.0,0.0,0.062
2389,0.0,0.479,0.444
2390,0.0,0.0,0.0
2391,0.0,0.0,0.0
2392,0.0,0.0,0.0
2393,0.0,0.0,0.0
2394,0.0,0.167,0.06
2395,0.0,0.0,0.063
2396,0.0,0.0,0.299
2397,0.0,0.0,0.0
2398,0.0,0.0,0.495
2399,0.0,0.0,0.0
2400,0.0,0.0,0.742
2401,0.0,0.0,0.0
2402,0.0,0.0,0.0
2403,0.0,0.0,0.017
2404,0.0,0.0,0.0
2405,0.0,0.0,0.085
2406,0.0,0.0,0.059
2407,0.0,0.0,0.0
2408,0.0,0.0,0.0
2409,0.0,0.0,0.0
2410,0.0,0.0,0.081
2411,0.0,0.0,0.0
2412,0.0,0.0,0.0
2413,0.0,0.0,0.0
2414,0.0,0.0,0.0
2415,0.0,0.0,0.0
2416,0.0,0.0,0.0
2417,0.0,0.0,0.0
2418,0.0,0.0,0.0
2419,0.0,0.0,0.0
2420,0.0,0.0,0.012
2421,0.0,0.0,0.0
2422,0.0,0.162,0.161
2423,0.0,0.0,0.0
2424,0.0,0.0,0.279
2425,0.0,0.0,0.0
2426,0.0,0.0,0.0
2427,0.151,0.603,0.17
2428,0.0,0.0,0.0
2429,0.0,0.0,0.0
2430,0.0,0.0,0.0
2431,0.0,0.0,0.638
2432,0.403,0.446,0.231
2433,0.0,0.0,0.0
2434,0.0,0.728,4.848
2435,0.0,0.0,0.0
2436,0.0,0.0,0.0
2437,0.0,0.0,0.0
2438,0.0,0.0,0.0
2439,0.0,0.704,0.958
2440,0.0,0.0,0.0
2441,0.281,1.69,0.472
2442,0.014,0.043,0.013
2443,0.0,0.0,0.0
2444,0.0,0.0,0.0
2445,0.0,0.0,0.0
2446,0.197,1.413,0.427
2447,0.0,0.0,0.0
2448,0.784,0.439,0.603
2449,0.0,0.0,0.52
2450,0.0,0.0,0.0
2451,0.0,0.0,0.0
2452,0.0,0.0,0.0
2453,0.0,0.252,0.654
2454,0.0,0.0,0.0
2455,0.0,0.0,0.0
2456,0.0,0.0,0.119
2457,0.0,0.0,0.0
2458,0.0,0.0,0.0
2459,0.0,0.0,0.0
2460,0.0,0.0,0.0
2461,0.336,0.07,1.088
2462,0.0,0.0,0.0
2463,0.0,0.0,0.649
2464,0.183,0.044,0.013
2465,1.919,2.832,3.878
2466,0.0,0.0,0.0
2467,0.279,2.391,7.404
2468,1.932,5.492,4.969
2469,0.0,0.0,0.0
2470,0.0,0.17,0.407
2471,0.0,0.071,1.002
2472,0.128,0.041,1.23
2473,0.0,0.0,0.0
2474,0.0,0.0,0.0
2475,0.0,0.0,0.0
2476,9.744,14.181,8.832
2477,0.172,0.043,0.013
2478,0.0,0.0,0.0
2479,0.202,0.049,1.289
2480,0.0,0.0,0.0
2481,0.0,0.0,0.086
2482,18.719,16.477,8.938
2483,0.0,0.0,0.0
2484,0.0,0.0,0.0
2485,0.0,0.0,0.0
2486,0.0,0.0,0.0
2487,0.0,3.833,1.278
2488,1.236,1.546,0.701
2489,0.0,0.0,0.0
2490,0.0,0.373,0.439
2491,0.0,0.0,0.0
2492,0.0,0.0,0.0
2493,0.0,0.0,0.042
2494,0.0,0.0,0.0
2495,0.052,0.03,0.008
2496,0.0,0.0,0.0
2497,0.0,0.0,0.587
2498,0.0,0.0,0.0
2499,0.0,0.0,0.0
2500,0.0,0.44,0.462
2501,0.0,0.029,0.008
2502,0.0,0.823,1.326
2503,0.0,0.0,0.184
2504,0.0,0.0,0.056
2505,0.0,0.0,0.038
2506,0.0,0.0,0.062
2507,0.0,0.0,0.066
2508,0.0,0.0,0.031
2509,0.0,0.0,0.069
2510,0.0,0.0,0.0
2511,0.0,0.0,0.0
2512,1.495,1.148,0.433
2513,0.0,0.0,0.041
2514,0.0,0.0,0.0
2515,0.0,0.024,0.007
2516,0.0,0.0,0.0
2517,0.0,0.025,0.804
2518,0.0,0.026,1.291
2519,0.0,0.149,0.057
2520,0.0,0.0,0.0
2521,0.0,0.0,0.0
2522,0.0,0.0,0.0
2523,0.0,0.0,0.311
2524,0.0,0.0,0.0
2525,0.0,0.07,1.484
2526,0.0,0.0,0.206
2527,0.0,0.0,0.454
2528,0.0,0.0,0.0
2529,0.0,0.0,0.0
2530,6.536,1.78,0.581
2531,0.0,0.0,0.062
2532,0.0,0.0,0.0
2533,0.0,0.0,0.0
2534,0.069,0.02,0.007
2535,0.0,0.141,0.067
2536,0.0,0.0,0.0
2537,0.0,0.0,0.331
2538,0.0,0.0,0.0
2539,0.0,0.0,0.0
2540,0.0,0.0,0.192
2541,0.0,0.028,0.303
2542,0.0,0.485,0.674
2543,0.0,0.0,0.031
2544,0.0,0.203,0.068
2545,0.0,0.0,0.352
2546,0.0,0.003,0.581
2547,0.0,0.0,0.281
2548,0.0,0.092,0.066
2549,0.0,0.03,0.008
2550,0.0,0.0,1.608
2551,0.0,0.0,0.0
2552,0.0,1.999,1.372
2553,0.0,0.0,0.951
2554,0.0,1.068,0.652
2555,5.29,1.629,0.607
2556,0.0,0.0,0.116
2557,0.0,0.027,0.333
2558,0.0,0.492,0.523
2559,0.0,0.0,0.0
2560,0.0,0.0,0.0
2561,0.0,0.015,0.114
2562,0.0,0.0,0.0
2563,0.0,0.0,0.0
2564,0.0,0.0,0.0
2565,0.0,0.0,0.027
2566,0.0,0.249,0.069
2567,0.0,0.003,0.536
2568,0.0,0.028,0.181
2569,1.283,1.951,0.711
2570,5.585,1.572,0.627
2571,0.0,0.0,1.204
2572,0.0,0.0,0.042
2573,9.678,7.795,7.693
2574,0.0,0.025,0.008
2575,0.571,0.91,1.039
2576,0.0,0.0,0.0
2577,0.0,0.0,0.156
2578,0.0,0.027,1.238
2579,0.075,1.522,0.533
2580,0.0,0.626,2.445
2581,0.0,0.132,0.055
2582,0.745,2.825,1.264
2583,0.0,0.0,0.0
2584,0.0,0.0,0.008
2585,0.0,0.0,0.411
2586,0.0,0.422,0.457
2587,0.0,0.0,0.143
2588,0.0,0.0,0.123
2589,0.0,0.0,0.302
2590,12.887,8.534,8.96
2591,0.0,0.507,0.596
2592,20.384,8.912,2.924
2593,0.0,0.0,0.0
2594,0.327,2.157,0.936
2595,0.0,0.0,0.0
2596,0.0,0.0,0.145
2597,0.0,0.0,0.381
2598,0.0,0.0,0.253
2599,0.0,0.0,0.008
2600,0.0,0.0,0.007
2601,0.0,1.169,0.996
2602,0.0,0.0,0.162
2603,0.0,0.0,0.203
2604,0.0,1.48,0.599
2605,0.0,0.148,0.069
2606,0.0,0.0,0.037
2607,0.0,0.0,0.194
2608,0.0,0.0,0.0
2609,0.0,0.0,0.547
2610,0.0,0.028,0.191
2611,0.0,0.0,0.277
2612,17.976,14.207,11.006
2613,16.025,16.585,11.328
2614,0.0,0.0,0.444
2615,0.0,1.004,0.658
2616,0.0,0.0,0.013
2617,0.0,0.016,0.478
2618,0.0,0.0,0.28
2619,0.0,0.273,0.551
2620,0.0,0.0,0.203
2621,0.0,1.027,0.295
2622,0.02,0.007,0.179
2623,0.0,0.0,0.565
2624,0.0,0.0,0.0
2625,0.0,0.0,0.008
2626,0.0,0.0,0.0
2627,1.944,0.681,0.681
2628,0.0,0.0,0.137
2629,0.0,0.179,0.262
2630,0.393,2.52,1.047
2631,0.0,0.0,0.624
2632,0.0,0.149,1.266
2633,16.366,8.941,10.753
2634,0.0,0.0,0.151
2635,0.0,0.726,3.59
2636,1.299,0.956,0.486
2637,10.258,8.799,9.304
2638,0.0,0.448,0.126
2639,0.0,0.064,0.533
2640,0.0,0.0,0.037
2641,0.0,0.0,0.261
2642,0.0,0.0,1.251
2643,0.0,0.49,0.189
2644,4.931,8.133,7.993
2645,0.0,0.026,0.475
2646,0.0,0.0,0.336
2647,0.0,0.0,0.361
2648,0.0,0.813,0.564
2649,0.0,0.0,0.232
2650,0.0,0.0,0.215
2651,0.0,0.0,0.0
2652,4.103,1.063,0.303
2653,0.0,0.0,0.0
2654,0.0,0.42,0.167
2655,0.0,0.0,0.013
2656,0.0,0.0,0.0
2657,0.213,0.049,0.048
2658,0.0,0.0,0.415
2659,4.592,1.028,0.316
2660,0.0,0.0,0.0
2661,0.0,0.0,0.0
2662,0.0,0.0,0.0
2663,3.815,1.159,0.849
2664,0.0,0.0,0.0
2665,0.0,0.0,0.0
2666,0.0,0.0,0.238
2667,2.514,0.743,0.384
2668,0.0,0.0,0.368
2669,0.0,0.0,0.004
2670,0.0,0.014,0.448
2671,0.0,0.0,0.08
2672,0.0,0.031,0.048
2673,0.0,0.0,0.0
2674,0.0,0.0,0.085
2675,0.0,0.0,0.0
2676,3.741,1.083,0.354
2677,0.0,1.095,0.356
2678,0.0,0.0,0.061
2679,0.0,1.013,0.293
2680,0.342,0.994,0.32
2681,0.0,0.0,0.0
2682,0.0,0.0,0.06
2683,0.0,0.487,0.189
2684,0.0,0.576,0.231
2685,1.592,4.658,3.367
2686,0.0,0.0,0.0
2687,2.721,1.256,0.696
2688,16.214,5.924,5.131
2689,0.251,0.051,0.076
2690,0.014,0.287,0.418
2691,0.0,0.0,0.0
2692,0.0,0.034,0.184
2693,0.095,4.125,2.844
2694,0.0,0.0,0.0
2695,0.0,0.0,0.0
2696,0.0,0.528,0.152
2697,0.0,0.0,0.0
2698,0.0,0.0,1.54
2699,0.0,0.0,0.0
2700,0.0,0.0,0.0
2701,0.0,0.022,0.037
2702,11.3,5.599,2.154
2703,0.0,0.0,0.0
2704,0.0,0.01,0.034
2705,0.394,0.634,0.186
2706,0.0,0.031,0.057
2707,12.18,4.983,4.157
2708,0.0,0.253,0.357
2709,0.0,0.176,0.133
2710,0.0,0.0,0.014
2711,0.0,0.176,0.428
2712,0.0,0.0,0.0
2713,0.0,0.431,0.172
2714,0.0,0.702,0.282
2715,0.0,0.342,0.426
2716,0.0,0.0,0.0
2717,1.27,2.981,3.793
2718,1.213,0.342,0.15
2719,2.022,0.692,0.267
2720,0.37,3.831,1.909
2721,0.0,0.034,0.026
2722,0.0,0.0,0.0
2723,0.0,0.081,0.034
2724,0.554,0.485,0.539
2725,0.0,0.0,0.0
2726,0.0,0.0,0.0
2727,0.729,1.64,3.183
2728,5.663,4.173,2.501
2729,0.0,0.143,0.165
2730,1.564,0.399,0.778
2731,0.0,0.0,1.464
2732,0.0,0.0,0.299
2733,0.0,0.073,0.03
2734,0.706,0.228,0.425
2735,0.0,0.0,0.0
2736,0.0,0.117,0.315
2737,0.33,0.079,0.023
2738,4.195,2.866,2.396
2739,0.0,0.0,0.0
2740,0.0,0.0,0.0
2741,0.0,0.0,0.055
2742,0.435,3.084,3.215
2743,0.0,0.0,0.0
2744,0.0,0.0,0.199
2745,0.0,0.148,0.177
2746,0.035,0.109,0.22
2747,0.0,0.0,0.0
2748,0.0,0.143,0.16
2749,1.476,2.89,2.797
2750,0.0,0.0,0.0
2751,0.0,0.0,0.01
2752,0.0,0.0,0.0
2753,0.0,0.0,0.0
2754,0.515,0.171,0.171
2755,0.0,0.0,0.0
2756,0.0,0.0,0.0
2757,0.0,0.0,0.0
2758,0.0,0.0,0.011
2759,0.0,0.0,0.056
2760,0.0,0.0,0.0
2761,0.0,0.0,0.0
2762,0.0,0.0,0.0
2763,0.0,0.0,0.0
2764,0.0,0.0,0.013
2765,0.0,0.0,0.0
2766,0.0,0.0,0.0
2767,0.0,0.0,0.0
2768,0.0,0.0,0.0
2769,0.0,0.0,0.0
2770,0.0,0.0,0.037
2771,0.0,0.052,0.038
2772,0.0,0.0,0.0
2773,0.0,0.0,0.0
2774,0.0,0.0,0.0
2775,0.0,0.0,0.0
2776,0.0,0.0,0.0
2777,0.0,0.0,0.037
2778,0.0,0.0,0.0
2779,0.0,0.0,0.067
2780,0.0,0.0,0.0
2781,0.0,0.0,0.048
2782,0.0,0.0,0.0
2783,0.0,0.0,0.0
2784,0.0,0.0,0.0
2785,0.0,0.0,0.088
2786,0.0,0.03,0.074
2787,0.0,0.0,0.0
2788,0.0,0.0,0.064
2789,0.0,0.0,0.0
2790,0.0,0.0,0.074
2791,0.491,0.115,0.143
2792,0.0,0.0,0.0
2793,3.811,1.451,0.456
2794,0.0,0.0,0.0
2795,0.0,0.0,0.183
2796,1.474,1.394,0.463
2797,0.473,0.101,0.194
2798,0.0,0.0,0.0
2799,0.497,0.116,0.191
2800,0.0,0.0,0.169
2801,0.0,0.0,1.816
2802,0.0,0.0,0.03
2803,0.0,0.228,0.109
2804,0.0,0.0,0.0
2805,0.0,0.0,0.169
2806,0.0,0.111,0.187
2807,0.0,0.0,0.0
2808,0.0,0.0,0.036
2809,0.0,0.718,1.126
2810,0.0,0.0,0.061
2811,0.0,0.356,0.101
2812,0.0,0.0,0.292
2813,0.0,0.0,0.0
2814,0.0,0.312,0.094
2815,0.0,0.0,0.0
2816,0.0,0.0,0.538
2817,0.0,0.0,0.0
2818,0.0,0.272,0.097
2819,0.0,0.0,0.299
2820,0.0,0.0,0.0
2821,0.0,0.0,0.013
2822,0.0,0.008,0.789
2823,0.0,0.0,0.0
2824,0.0,0.0,0.105
2825,0.0,0.0,0.0
2826,0.0,0.0,0.0
2827,0.0,0.293,3.534
2828,0.0,0.0,0.0
2829,0.0,0.0,0.0
2830,0.0,0.005,0.19
2831,0.0,0.199,0.802
2832,0.0,0.0,0.01
2833,0.0,0.696,2.27
2834,0.0,0.0,0.451
2835,0.0,0.0,0.0
2836,0.0,0.0,0.0
2837,0.0,0.0,2.767
2838,0.025,4.279,3.195
2839,0.0,0.0,0.0
2840,0.0,0.315,0.099
2841,0.0,0.283,2.434
2842,0.0,0.0,0.473
2843,0.0,3.098,3.252
2844,0.0,1.373,2.731
2845,0.0,0.0,0.0
2846,0.0,0.043,0.053
2847,0.0,0.128,0.036
2848,0.0,2.858,2.973
2849,0.0,0.0,1.621
2850,0.0,0.0,2.307
2851,0.0,0.0,0.0
2852,0.0,0.0,0.0
2853,0.0,0.482,0.526
2854,0.0,0.537,3.234
2855,0.0,0.877,0.775
2856,0.0,0.034,0.119
2857,1.181,7.521,3.349
2858,0.0,0.0,1.63
2859,0.322,0.619,0.225
2860,0.0,0.0,0.0
2861,0.0,0.0,0.392
2862,0.0,0.0,0.0
2863,0.0,0.0,0.0
2864,0.0,0.0,0.0
2865,3.952,2.538,0.749
2866,0.0,0.0,0.153
2867,0.0,0.0,0.542
2868,0.0,0.0,0.041
2869,8.743,7.222,3.498
2870,0.84,0.217,0.062
2871,0.0,0.0,0.346
2872,0.0,0.0,0.013
2873,0.0,0.183,0.056
2874,0.0,0.766,0.699
2875,0.138,4.263,3.119
2876,0.0,0.0,0.021
2877,0.0,0.0,0.0
2878,2.342,0.996,0.551
2879,0.0,0.0,0.242
2880,0.0,0.119,0.05
2881,6.075,1.738,0.751
2882,0.0,0.0,0.325
2883,0.0,0.0,0.0
2884,0.738,0.158,0.109
2885,0.191,0.174,0.159
2886,0.0,2.772,1.066
2887,0.0,0.0,0.402
2888,0.0,0.0,0.243
2889,1.703,0.596,1.035
2890,0.0,0.0,2.399
2891,0.0,0.169,0.064
2892,0.0,0.0,0.478
2893,0.0,0.403,0.354
2894,0.0,0.593,2.07
2895,0.0,0.0,0.0
2896,0.0,2.104,0.765
2897,0.0,0.274,1.23
2898,0.0,0.0,0.0
2899,0.0,0.0,0.0
2900,0.122,0.053,0.32
2901,0.0,0.08,0.215
2902,0.0,0.0,0.232
2903,0.0,0.0,0.0
2904,0.0,0.0,0.019
2905,0.0,0.013,0.194
2906,0.0,0.0,0.144
2907,0.0,8.194,13.028
2908,0.0,1.697,0.813
2909,0.0,0.0,0.73
2910,0.0,0.0,0.512
2911,0.0,0.073,0.682
2912,0.734,4.963,2.788
2913,0.0,0.0,0.0
2914,1.363,6.723,13.614
2915,0.0,0.0,0.0
2916,0.0,0.45,0.215
2917,0.0,0.0,0.373
2918,0.0,0.17,0.229
2919,0.0,1.512,0.784
2920,0.0,0.0,4.018
2921,0.0,0.0,0.013
2922,9.873,2.248,0.792
2923,0.0,0.0,0.137
2924,0.0,0.0,1.026
2925,0.0,0.038,2.675
2926,0.0,0.685,3.374
2927,0.039,2.478,0.953
2928,0.0,0.146,0.059
2929,0.0,1.983,0.552
2930,0.0,0.0,0.229
2931,0.0,0.0,0.081
2932,2.807,0.707,0.321
2933,0.0,0.0,0.439
2934,5.164,1.695,0.506
2935,1.213,2.313,0.788
2936,0.0,0.0,0.0
2937,0.0,0.556,0.385
2938,0.0,0.072,0.704
2939,2.027,2.275,0.726
2940,0.0,0.0,0.239
2941,0.0,0.094,0.561
2942,0.167,0.542,0.821
2943,0.0,1.668,0.984
2944,0.0,0.183,0.365
2945,0.0,0.019,0.939
2946,0.0,0.228,1.377
2947,0.0,0.837,1.898
2948,0.0,0.893,0.332
2949,0.0,0.057,0.041
2950,0.0,0.0,0.0
2951,0.0,0.0,0.281
2952,0.0,0.703,0.358
2953,0.0,0.0,0.0
2954,0.0,0.0,0.226
2955,0.0,0.0,0.126
2956,0.0,0.639,0.182
2957,0.0,0.09,0.463
2958,0.0,0.0,0.0
2959,0.0,0.0,0.433
2960,1.077,1.254,0.505
2961,0.0,1.862,0.54
2962,0.0,0.9,0.772
2963,0.0,0.0,0.0
2964,0.0,0.0,0.501
2965,0.0,0.37,0.989
2966,0.0,0.0,0.347
2967,0.0,0.0,0.001
2968,0.538,2.376,0.894
2969,0.0,0.305,0.216
2970,0.0,0.0,0.046
2971,0.0,0.339,0.324
2972,0.0,0.0,0.184
2973,3.653,0.888,0.352
2974,0.0,0.055,0.017
2975,0.0,0.0,0.477
2976,0.0,0.0,0.043
2977,0.0,0.783,0.37
2978,0.681,0.261,0.132
2979,1.006,1.24,0.64
2980,0.0,0.0,0.105
2981,0.0,0.0,0.0
2982,3.445,0.696,0.19
2983,0.324,0.801,0.341
2984,0.0,0.0,0.357
2985,0.0,0.0,0.078
2986,0.0,0.0,0.0
2987,0.0,0.0,0.469
2988,0.0,0.0,0.042
2989,0.0,0.0,0.0
2990,0.0,0.0,0.55
2991,0.109,1.292,0.664
2992,0.0,0.0,0.0
2993,0.0,0.0,0.016
2994,0.0,0.0,0.227
2995,0.0,0.0,0.317
2996,0.433,1.465,0.758
2997,0.0,0.0,0.523
2998,0.74,1.156,0.361
2999,0.0,0.0,0.039
3000,0.0,0.0,0.004
3001,0.0,0.0,0.545
3002,0.0,0.0,0.015
3003,0.0,0.0,0.55
3004,0.0,0.0,0.0
3005,0.0,0.0,0.18
3006,0.0,0.0,0.016
3007,0.0,0.0,0.0
3008,0.0,0.0,0.042
3009,0.573,0.674,0.336
3010,0.0,0.0,0.0
3011,0.0,0.0,0.0
3012,0.0,0.0,0.557
3013,0.0,0.39,0.447
3014,1.998,1.251,0.662
3015,0.0,0.0,0.0
3016,0.88,0.799,0.773
3017,0.0,0.0,0.0
3018,0.0,0.409,0.323
3019,0.0,0.0,0.299
3020,0.0,0.51,0.238
3021,0.0,0.0,0.0
3022,0.0,0.0,0.0
3023,0.0,0.062,0.753
3024,0.0,0.0,0.109
3025,0.0,0.0,0.099
3026,0.0,0.0,0.658
3027,0.0,0.0,0.131
3028,0.0,0.0,0.0
3029,0.0,0.0,0.04
3030,0.098,0.314,0.732
3031,2.53,0.587,0.572
3032,0.18,1.174,0.345
3033,0.0,0.0,0.151
3034,0.0,0.0,0.169
3035,0.0,0.0,0.0
3036,0.0,0.0,0.139
3037,0.0,0.0,0.0
3038,0.0,0.0,0.014
3039,0.0,0.0,0.029
3040,0.227,0.957,0.86
3041,0.0,0.0,0.016
3042,0.0,0.0,0.0
3043,0.0,0.0,0.024
3044,0.0,1.353,6.727
3045,0.0,0.0,0.169
3046,0.0,0.0,0.0
3047,0.0,0.0,0.031
3048,0.0,0.0,0.127
3049,0.0,0.0,0.0
3050,0.0,0.114,0.168
3051,0.0,0.251,0.635
3052,0.0,0.0,0.0
3053,0.0,0.0,0.0
3054,8.191,9.326,7.451
3055,0.0,0.0,0.0
3056,0.0,0.455,0.184
3057,0.0,0.0,0.0
3058,0.0,0.0,0.0
3059,0.0,0.0,0.0
3060,8.181,13.847,10.484
3061,1.546,0.884,0.628
3062,0.0,0.0,2.502
3063,0.0,0.0,0.0
3064,0.0,0.0,0.0
3065,0.0,0.0,0.0
3066,0.0,0.0,0.0
3067,0.0,0.962,0.626
3068,0.0,0.0,0.0
3069,0.094,0.158,0.363
3070,0.0,0.0,0.0
3071,0.0,1.732,2.08
3072,0.0,0.579,0.909
3073,16.7,13.936,7.976
3074,0.0,0.0,0.154
3075,0.0,0.0,0.012
3076,0.0,0.0,0.0
3077,0.0,0.0,0.025
3078,0.0,0.0,0.0
3079,15.106,8.451,7.846
3080,0.0,0.0,0.124
3081,0.0,0.158,5.159
3082,0.0,0.0,0.046
3083,0.0,0.0,0.122
3084,0.0,0.0,0.0
3085,0.0,0.0,0.0
3086,0.0,0.099,0.179
3087,0.0,0.0,0.168
3088,0.0,0.181,0.485
3089,0.0,0.0,0.109
3090,0.0,0.0,0.0
3091,2.415,1.36,0.688
3092,2.378,1.404,0.689
3093,0.0,0.0,0.0
3094,0.0,0.0,0.0
3095,0.0,0.0,0.0
3096,0.0,0.096,0.171
3097,0.0,0.0,0.0
3098,0.0,0.0,0.0
3099,0.0,0.0,0.0
3100,0.0,0.0,0.0
3101,0.0,0.0,0.0
3102,0.0,0.669,3.952
3103,0.0,1.381,0.557
3104,1.725,1.185,0.744
3105,0.0,0.0,0.053
3106,0.0,0.0,0.048
3107,0.0,0.0,0.0
3108,0.0,0.0,0.0
3109,0.0,0.0,0.0
3110,0.0,0.0,0.0
3111,0.0,0.0,0.0
3112,1.801,0.412,0.17
3113,0.0,0.0,0.0
3114,0.0,0.971,0.51
3115,0.364,0.709,0.531
3116,0.0,0.0,0.073
3117,0.0,0.0,0.0
3118,0.0,0.0,0.0
3119,0.0,0.0,0.0
3120,0.0,0.0,0.066
3121,0.0,0.0,0.0
3122,0.0,0.0,0.0
3123,1.983,0.434,0.175
3124,0.0,0.0,0.328
3125,0.0,0.0,0.0
3126,0.641,0.315,1.008
3127,0.0,0.838,0.323
3128,0.0,0.0,0.0
3129,0.0,0.0,0.049
3130,0.0,0.0,0.0
3131,0.0,0.0,0.0
3132,0.0,0.0,0.0
3133,0.05,0.309,0.143
3134,7.635,1.982,0.824
3135,0.0,0.0,0.184
3136,0.022,1.15,0.51
3137,0.0,0.0,0.0
3138,0.0,0.0,0.0
3139,0.0,0.0,0.0
3140,0.0,0.45,4.871
3141,0.0,0.0,0.0
3142,0.0,0.0,0.163
3143,3.325,0.864,0.458
3144,1.226,1.755,1.245
3145,0.099,1.073,0.772
3146,0.0,0.0,0.0
3147,0.0,0.0,0.0
3148,0.0,0.0,0.0
3149,0.0,0.0,0.26
3150,8.307,6.445,3.6
3151,0.0,0.0,0.0
3152,0.0,0.254,0.118
3153,0.0,0.0,0.0
3154,0.0,0.0,0.0
3155,0.0,0.0,0.0
3156,0.0,0.0,0.0
3157,0.0,0.0,0.0
3158,0.0,0.481,0.879
3159,0.0,0.0,0.0
3160,0.0,0.0,0.034
3161,0.0,0.0,0.133
3162,0.0,0.0,0.0
3163,0.0,0.0,0.115
3164,0.0,0.0,0.106
3165,0.0,0.156,0.567
3166,0.0,0.0,1.021
3167,0.0,0.0,0.0
3168,0.047,0.63,1.404
3169,0.0,0.0,0.053
3170,0.0,0.0,0.0
3171,0.0,0.376,1.185
3172,0.0,0.0,0.0
3173,0.0,0.175,0.466
3174,0.0,0.0,0.0
3175,5.154,7.631,5.783
3176,0.0,0.0,0.0
3177,0.0,0.0,0.015
3178,0.0,0.0,0.0
3179,0.0,0.0,0.123
3180,0.0,0.0,0.0
3181,0.0,0.0,0.0
3182,0.0,0.0,1.511
3183,0.0,0.0,0.0
3184,0.0,0.0,0.0
3185,0.0,0.0,0.173
3186,0.11,0.706,1.307
3187,0.0,0.0,0.136
3188,0.0,0.913,1.218
3189,0.0,0.0,0.0
3190,0.0,0.403,0.155
3191,0.0,0.009,0.136
3192,0.0,0.0,0.0
3193,0.0,0.0,0.0
3194,0.0,0.085,0.32
3195,0.4,0.787,0.571
3196,0.0,0.0,0.347
3197,0.0,0.0,0.163
3198,0.0,0.0,0.117
3199,0.0,0.0,0.0
3200,0.0,0.0,0.0
3201,0.0,0.0,0.0
3202,0.0,0.0,0.0
3203,0.0,0.0,0.0
3204,2.305,0.482,0.383
3205,0.0,0.0,0.0
3206,0.0,0.0,0.0
3207,0.0,0.0,0.0
3208,0.0,0.02,1.276
3209,0.0,0.0,0.002
3210,0.0,0.0,0.122
3211,0.0,0.0,0.0
3212,0.0,0.0,0.0
3213,0.0,0.0,0.0
3214,0.0,0.0,0.0
3215,0.0,0.0,0.027
3216,0.0,0.0,0.0
3217,0.0,0.0,0.0
3218,0.0,0.0,0.0
3219,0.0,0.0,0.0
3220,3.35,0.973,0.551
3221,0.799,0.533,2.717
3222,0.0,0.0,0.0
3223,0.0,0.0,0.0
3224,0.0,0.0,0.0
3225,0.0,0.001,1.185
3226,0.0,0.0,0.0
3227,0.0,0.0,0.185
3228,0.0,0.0,0.0
3229,0.0,0.0,0.0
3230,0.576,0.273,0.404
3231,0.0,2.128,0.878
3232,0.0,0.0,0.0
3233,0.0,0.0,0.0
3234,0.0,0.0,0.0
3235,0.0,0.0,0.0
3236,0.0,0.0,0.0
3237,0.0,2.006,1.015
3238,0.0,0.0,0.0
3239,1.131,0.455,0.227
3240,0.0,0.0,0.0
3241,0.0,0.0,0.0
3242,0.0,0.0,0.0
3243,0.0,0.0,0.0
3244,0.0,0.0,0.0
3245,0.0,0.0,0.0
3246,0.0,0.99,2.049
3247,0.0,0.0,0.048
3248,0.0,0.0,0.0
3249,0.0,0.0,0.089
3250,0.0,0.0,0.0
3251,2.421,2.108,1.287
3252,0.0,0.0,0.192
3253,0.0,0.0,0.0
3254,0.0,0.0,0.8
3255,0.0,0.0,0.0
3256,0.0,0.0,0.0
3257,0.0,0.0,0.0
3258,0.0,0.0,0.0
3259,0.0,0.0,0.0
3260,0.0,0.196,1.388
3261,0.0,0.0,0.0
3262,0.09,0.179,0.21
3263,0.0,0.0,0.0
3264,0.0,0.0,0.0
3265,3.564,2.934,0.866
3266,0.0,0.0,0.0
3267,0.0,0.0,0.356
3268,0.0,0.0,0.0
3269,0.0,0.0,0.835
3270,0.0,0.0,0.87
3271,0.0,0.0,0.0
3272,0.0,0.0,0.0
3273,0.0,0.0,0.0
3274,0.0,0.0,0.0
3275,0.0,0.0,0.0
3276,0.0,0.0,0.0
3277,0.0,0.0,0.045
3278,2.422,2.686,1.068
3279,0.0,0.0,0.011
3280,0.0,0.0,0.0
3281,0.0,0.328,1.171
3282,0.0,0.009,0.245
3283,0.756,0.758,1.299
3284,0.0,0.0,0.0
3285,0.0,0.0,0.0
3286,0.0,0.0,0.0
3287,0.0,0.0,0.392
3288,0.442,0.129,1.085
3289,0.0,0.0,0.503
3290,0.0,0.0,0.0
3291,0.0,0.0,0.174
3292,0.0,0.0,0.01
3293,0.0,0.0,0.682
3294,0.0,0.0,0.157
3295,0.0,1.223,0.754
3296,1.702,3.138,3.262
3297,0.0,2.927,0.862
3298,0.0,0.0,0.0
3299,0.0,0.0,0.23
3300,0.0,0.0,0.042
3301,0.0,0.0,0.0
3302,0.0,0.0,0.0
3303,0.0,0.0,0.0
3304,0.0,0.0,0.0
3305,0.0,0.0,0.0
3306,0.0,0.016,0.006
3307,0.0,0.0,0.754
3308,0.0,0.0,0.0
3309,0.0,0.0,0.0
3310,0.0,0.0,0.0
3311,0.0,0.0,0.0
3312,0.0,0.0,0.0
3313,0.0,0.084,0.621
3314,0.0,0.0,0.088
3315,0.0,0.0,0.0
3316,0.0,0.0,0.0
3317,0.0,0.532,0.881
3318,0.0,0.0,0.207
3319,0.0,0.0,0.0
3320,0.0,0.0,0.129
3321,0.0,0.0,0.01
3322,0.0,0.0,1.529
3323,0.0,0.0,1.134
3324,0.0,0.0,0.0
3325,0.0,0.0,0.176
3326,0.0,1.92,1.448
3327,0.0,2.189,0.889
3328,0.0,0.022,0.378
3329,0.0,0.0,0.01
3330,0.0,0.0,0.129
3331,0.0,0.0,0.0
3332,0.0,0.624,1.244
3333,0.0,0.0,0.0
3334,0.0,0.0,0.0
3335,0.0,0.806,1.872
3336,0.0,0.0,0.011
3337,0.0,0.0,0.0
3338,0.0,0.0,0.047
3339,0.0,0.022,0.194
3340,0.0,0.0,0.0
3341,0.0,0.0,0.0
3342,0.0,0.0,0.0
3343,0.0,0.0,0.0
3344,0.0,0.0,0.0
3345,0.0,0.0,0.0
3346,0.0,0.0,0.043
3347,0.0,0.0,0.0
3348,0.0,0.0,0.0
3349,0.0,0.159,0.891
3350,0.008,2.639,1.913
3351,0.0,0.0,0.0
3352,0.0,0.0,0.125
3353,0.0,0.0,0.0
3354,0.0,0.0,0.0
3355,0.018,0.006,0.002
3356,0.0,0.0,0.0
3357,0.0,0.0,0.0
3358,0.0,0.0,0.0
3359,3.744,4.65,1.939
3360,0.0,0.0,0.005
3361,0.0,0.097,0.875
3362,0.0,0.0,0.2
3363,0.0,0.0,0.008
3364,0.0,0.0,0.0
3365,0.0,0.0,0.005
3366,0.0,0.0,0.0
3367,0.0,0.0,0.0
3368,0.0,0.0,1.866
3369,0.0,0.0,0.0
3370,0.0,0.0,0.0
3371,0.0,0.091,0.258
3372,0.0,0.0,0.0
3373,0.0,0.0,0.0
3374,0.0,3.27,2.078
3375,0.0,0.54,0.558
3376,0.094,0.083,0.795
3377,0.0,0.028,0.009
3378,0.0,0.0,0.026
3379,0.0,0.0,0.277
3380,0.0,0.011,0.004
3381,0.0,0.0,0.0
3382,0.0,0.0,0.636
3383,0.0,0.0,0.0
3384,0.0,0.0,0.0
3385,0.0,0.0,0.024
3386,0.0,0.0,0.0
3387,0.0,0.0,0.0
3388,0.0,0.0,0.0
3389,0.0,0.0,0.0
3390,0.0,0.0,0.0
3391,0.0,0.0,0.005
3392,0.0,2.661,1.831
3393,0.0,0.0,0.028
3394,0.0,0.0,0.0
3395,0.0,0.0,0.005
3396,0.0,0.0,0.0
3397,0.0,0.0,0.0
3398,0.0,0.0,0.0
3399,0.0,0.0,0.147
3400,0.0,0.0,0.0
3401,0.0,0.0,0.0
3402,0.0,0.0,0.0
3403,0.158,0.051,0.387
3404,0.0,0.0,0.0
3405,0.0,6.529,2.219
3406,0.0,0.0,0.0
3407,0.0,0.0,0.0
3408,0.0,0.0,0.03
3409,0.0,0.489,0.206
3410,0.0,0.0,0.0
3411,0.0,0.0,0.0
3412,0.0,7.434,2.197
3413,0.0,0.0,0.0
3414,0.0,0.0,0.0
3415,0.0,0.212,0.192
3416,0.0,0.0,0.021
3417,0.0,0.0,1.01
3418,0.0,0.0,0.0
3419,0.0,0.0,0.0
3420,0.0,0.0,0.0
3421,0.0,0.0,0.227
3422,0.0,0.0,0.0
3423,0.0,0.0,0.0
3424,0.0,0.0,0.048
3425,0.0,0.0,0.011
3426,0.0,0.0,0.0
3427,0.0,0.0,0.0
3428,0.0,0.074,0.023
3429,0.0,0.0,0.0
3430,0.0,2.522,2.169
3431,0.092,0.02,0.006
3432,0.0,0.622,0.189
3433,0.0,0.0,0.0
3434,0.0,0.0,0.003
3435,0.0,0.0,0.0
3436,0.0,0.0,0.0
3437,0.0,0.0,0.0
3438,12.389,4.842,1.732
3439,0.0,0.0,0.006
3440,9.058,6.29,2.169
3441,0.0,0.0,0.011
3442,0.0,0.768,0.948
3443,0.0,0.0,0.0
3444,3.279,0.725,0.206
3445,0.0,0.0,0.0
3446,0.0,0.0,0.23
3447,0.0,0.0,0.0
3448,0.0,0.0,0.005
3449,0.0,0.0,0.0
3450,0.0,0.0,0.0
3451,0.0,2.004,3.938
3452,0.0,0.0,0.0
3453,0.0,0.0,0.0
3454,0.983,0.315,0.111
3455,0.0,0.0,0.0
3456,0.0,0.0,0.026
3457,0.289,2.558,0.842
3458,0.0,0.0,0.044
3459,0.0,0.0,0.0
3460,0.0,0.0,4.213
3461,0.0,0.0,0.0
3462,1.893,0.942,1.731
3463,0.0,0.0,0.0
3464,0.0,0.0,0.0
3465,0.0,0.0,0.0
3466,0.0,0.0,0.0
3467,0.0,0.0,0.0
3468,0.0,0.0,0.0
3469,0.0,0.0,0.0
3470,0.0,0.0,0.0
3471,0.0,0.0,0.0
3472,0.0,0.0,0.0
3473,0.0,0.0,0.0
3474,0.0,0.0,0.0
3475,0.0,0.0,0.0
3476,0.0,0.047,0.141
3477,0.0,0.0,0.0
3478,3.012,0.693,0.201
3479,0.0,0.0,0.0
3480,0.0,0.0,0.0
3481,0.0,0.0,0.027
3482,0.0,0.0,0.023
3483,0.0,2.507,6.583
3484,0.0,0.0,0.0
3485,0.0,0.0,0.0
3486,0.0,0.0,0.0
3487,0.0,0.0,0.0
3488,0.0,0.0,0.0
3489,0.0,0.0,0.0
3490,0.0,0.0,0.202
3491,0.0,0.0,0.0
3492,0.0,0.0,0.0
3493,0.0,0.0,0.096
3494,0.0,0.0,0.0
3495,3.458,2.652,1.232
3496,0.0,0.0,0.0
3497,0.0,0.0,0.0
3498,0.0,0.0,0.0
3499,0.0,0.0,0.0
3500,0.0,0.0,0.0
3501,0.0,0.0,0.0
3502,0.0,0.0,0.702
3503,0.0,0.53,0.787
3504,0.0,0.165,0.047
3505,0.0,0.0,0.048
3506,0.347,1.502,1.71
3507,0.0,0.0,0.0
3508,0.0,0.0,0.0
3509,0.907,0.645,1.365
3510,0.0,0.0,0.0
3511,0.0,0.0,0.865
3512,0.0,0.0,0.189
3513,0.0,0.0,0.005
3514,1.517,8.42,7.758
3515,0.0,0.0,1.471
3516,0.0,0.0,0.0
3517,0.0,0.0,0.0
3518,0.0,0.0,0.0
3519,0.0,0.0,0.0
3520,0.232,1.722,0.897
3521,0.0,0.0,0.0
3522,0.0,0.0,0.0
3523,0.0,4.017,6.429
3524,0.0,0.0,0.0
3525,0.0,0.0,0.001
3526,0.0,0.0,0.0
3527,0.0,0.173,2.938
3528,0.0,0.0,0.0
3529,0.0,0.0,0.581
3530,0.0,0.0,0.0
3531,0.0,0.0,0.0
3532,0.0,0.0,0.278
3533,0.0,0.0,0.0
3534,0.0,0.0,0.792
3535,0.0,0.876,1.034
3536,0.0,0.0,0.0
3537,0.0,0.0,0.0
3538,0.0,0.0,0.0
3539,0.0,0.0,0.0
3540,0.651,0.162,0.046
3541,0.0,0.0,0.39
3542,0.0,0.0,0.0
3543,0.0,0.0,0.126
3544,0.0,0.0,0.151
3545,0.0,0.0,0.251
3546,0.0,0.0,0.225
3547,0.0,1.397,5.788
3548,0.0,0.0,0.399
3549,0.0,0.0,0.0
3550,0.0,0.0,0.005
3551,0.0,0.0,0.0
3552,0.0,0.0,0.0
3553,0.0,0.128,0.445
3554,0.0,0.0,0.0
3555,0.0,0.0,0.0
3556,0.0,0.0,0.0
3557,0.0,0.0,0.0
3558,0.0,3.006,1.649
3559,0.0,0.0,0.0
3560,0.0,0.0,0.0
3561,21.271,12.733,5.619
3562,0.0,0.0,0.041
3563,0.0,0.292,1.926
3564,0.0,0.0,0.0
3565,0.0,0.0,2.205
3566,0.0,0.0,0.0
3567,0.0,0.0,0.036
3568,0.0,0.0,0.0
3569,0.0,0.0,0.0
3570,0.0,0.0,0.142
3571,0.0,0.0,0.0
3572,0.0,0.0,0.0
3573,0.661,2.395,1.45
3574,0.0,0.0,0.404
3575,0.0,0.0,0.0
3576,0.0,0.0,0.0
3577,0.0,0.148,0.788
3578,0.0,0.0,0.982
3579,0.0,0.0,0.723
3580,0.0,0.0,0.012
3581,0.0,0.0,0.0
3582,0.0,0.0,0.0
3583,0.0,0.0,0.0
3584,0.0,0.0,0.0
3585,0.0,0.0,0.335
3586,0.0,0.146,0.047
3587,0.0,0.0,0.0
3588,0.0,0.0,0.27
3589,0.0,0.0,0.157
3590,0.0,0.0,0.0
3591,4.885,3.15,1.079
3592,0.0,0.0,0.386
3593,0.0,0.0,0.0
3594,0.0,0.0,0.039
3595,0.0,0.0,0.0
3596,0.0,0.0,0.0
3597,0.0,0.0,0.0
3598,0.0,0.0,0.0
3599,0.0,0.0,0.0
3600,0.0,0.0,0.151
3601,0.0,0.0,0.0
3602,0.0,0.0,0.0
3603,0.0,0.0,0.0
3604,0.0,0.41,2.521
3605,1.043,6.155,3.836
3606,0.0,0.138,0.151
3607,0.0,0.0,0.0
3608,0.0,0.0,0.0
3609,0.0,0.0,0.251
3610,0.0,0.0,0.0
3611,0.0,0.0,0.0
3612,0.0,0.497,0.251
3613,0.0,0.0,0.0
3614,0.0,0.0,0.0
3615,0.0,0.0,0.14
3616,0.0,0.0,0.0
3617,0.0,0.0,0.157
3618,0.0,0.0,0.0
3619,0.0,1.634,1.206
3620,0.0,0.512,0.15
3621,0.0,0.0,0.46
3622,0.0,0.0,0.754
3623,0.0,0.0,0.611
3624,0.0,0.0,0.246
3625,0.0,0.0,0.0
3626,0.0,0.0,0.0
3627,0.0,0.0,0.021
3628,0.0,0.0,0.0
3629,0.0,0.0,0.0
3630,9.205,5.746,1.669
3631,0.0,1.788,2.068
3632,0.0,0.0,0.0
3633,0.0,0.0,0.153
3634,0.0,0.0,0.0
3635,0.0,0.0,0.355
3636,0.0,0.171,0.543
3637,0.0,0.0,0.249
3638,0.0,0.0,0.0
3639,0.0,0.0,0.0
3640,0.0,0.0,0.0
3641,2.088,0.564,0.158
3642,0.0,0.0,0.0
3643,0.0,0.0,0.668
3644,0.0,0.0,0.0
3645,0.0,1.794,1.168
3646,0.0,0.0,0.0
3647,0.0,0.0,0.515
3648,0.0,0.0,0.0
3649,0.0,0.0,0.0
3650,0.0,0.0,0.0
3651,0.0,0.0,0.0
3652,0.0,0.0,0.0
3653,0.0,0.0,0.698
3654,0.0,0.999,2.554
3655,0.0,0.545,0.155
3656,0.0,0.0,0.0
3657,0.0,0.0,0.0
3658,0.0,0.0,0.679
3659,0.0,0.0,0.14
3660,0.0,0.0,0.0
3661,0.0,0.0,0.0
3662,0.0,0.0,0.0
3663,0.0,0.0,0.092
3664,0.0,0.0,0.0
3665,0.0,0.0,0.155
3666,0.0,0.0,0.0
3667,0.0,0.391,0.587
3668,0.0,0.0,0.0
3669,0.0,0.0,0.0
3670,0.0,0.0,0.0
3671,0.0,0.0,0.0
3672,0.0,0.0,0.0
3673,0.0,0.0,0.0
3674,0.0,0.0,0.0
3675,0.0,0.0,0.618
3676,0.0,0.0,0.0
3677,0.0,0.0,0.0
3678,0.0,0.0,0.0
3679,0.0,0.0,0.0
3680,0.0,0.0,0.151
3681,0.0,0.0,0.0
3682,0.0,0.0,0.0
3683,0.0,0.551,0.156
3684,0.0,0.0,0.0
3685,0.0,0.0,0.154
3686,0.0,0.0,0.151
3687,0.0,0.0,0.0
3688,0.0,0.0,0.0
3689,0.0,0.0,0.0
3690,0.0,0.0,0.026
3691,0.0,0.0,0.0
3692,0.0,0.0,0.078
3693,0.0,0.0,0.019
3694,0.0,0.0,0.0
3695,0.0,0.0,0.0
3696,0.0,0.0,0.0
3697,0.0,0.0,0.0
3698,0.0,0.594,0.162
3699,0.0,0.0,0.0
3700,0.0,0.0,0.0
3701,0.0,0.0,0.453
3702,0.0,0.0,0.0
3703,0.0,0.0,0.0
3704,0.0,0.0,0.0
3705,0.0,0.0,1.305
3706,0.0,0.0,0.0
3707,0.0,0.0,0.0
3708,0.0,0.0,0.0
3709,0.0,0.0,0.0
3710,0.0,0.0,0.0
3711,0.0,0.0,0.022
3712,0.0,0.0,0.0
3713,0.0,0.0,0.0
3714,0.0,0.0,0.0
3715,0.0,0.0,0.0
3716,0.0,0.0,0.0
3717,0.0,0.0,0.0
3718,0.0,0.0,0.0
3719,0.0,0.0,0.0
3720,0.0,0.0,0.0
3721,0.0,0.0,0.0
3722,0.0,0.0,0.0
3723,0.0,0.0,0.0
3724,0.0,0.0,0.0
3725,0.0,0.0,0.128
3726,0.0,0.0,0.0
3727,0.0,0.0,0.155
3728,0.0,0.0,0.011
3729,0.0,0.0,0.0
3730,0.0,0.0,0.0
3731,0.0,0.0,0.0
3732,0.0,0.0,0.0
3733,0.0,0.0,0.0
3734,0.0,0.0,0.0
3735,0.0,0.0,0.0
3736,0.0,0.0,0.0
3737,0.0,0.0,0.176
3738,0.0,0.0,0.0
3739,0.0,0.0,0.0
3740,0.0,0.0,0.294
3741,0.0,0.0,0.0
3742,0.0,0.0,0.0
3743,0.0,0.0,0.0
3744,0.0,0.0,0.0
3745,0.0,0.0,0.058
3746,0.0,0.0,0.0
3747,0.0,0.0,0.0
3748,0.0,0.012,0.948
3749,0.0,0.0,0.313
3750,0.0,0.0,0.0
3751,0.0,0.0,0.0
3752,0.0,0.0,0.234
3753,0.0,0.0,0.0
3754,0.0,0.0,0.0
3755,0.0,0.0,0.0
3756,0.0,0.0,0.247
3757,0.0,0.0,0.0
3758,0.0,0.0,0.0
3759,0.0,0.0,0.0
3760,0.0,0.0,0.0
3761,0.0,0.0,0.0
3762,0.0,0.0,0.0
3763,0.0,0.514,0.308
3764,0.0,0.0,0.0
3765,0.0,0.0,0.0
3766,0.0,0.0,0.0
3767,0.0,0.0,0.0
3768,0.0,0.0,0.0
3769,0.0,0.0,0.0
3770,0.0,0.0,0.251
3771,0.0,0.0,0.0
3772,0.0,0.0,0.0
3773,0.0,0.0,0.0
3774,0.0,0.0,0.103
3775,0.0,0.0,0.0
3776,0.0,0.0,0.0
3777,0.0,0.0,0.0
3778,0.0,0.0,0.0
3779,0.0,0.151,0.142
3780,0.0,0.0,0.055
3781,0.0,0.0,0.0
3782,0.0,0.0,0.153
3783,0.0,0.0,0.0
3784,0.0,0.0,0.0
3785,0.0,0.0,0.0
3786,0.0,0.0,0.0
3787,0.0,0.0,0.012
3788,0.0,0.0,0.08
3789,0.0,0.0,0.049
3790,0.0,0.0,0.0
3791,0.0,0.0,0.0
3792,0.0,0.0,0.0
3793,0.0,0.0,0.0
3794,0.0,0.0,0.0
3795,0.0,0.0,0.0
3796,0.0,0.0,0.0
3797,0.0,0.0,0.0
3798,0.0,0.0,0.0
3799,0.0,0.0,0.0
3800,0.0,0.0,0.0
3801,0.0,0.0,0.0
3802,0.0,0.0,0.109
3803,0.0,0.0,0.0
3804,0.0,0.0,0.0
3805,0.0,0.0,0.0
3806,0.0,0.0,0.0
3807,0.0,0.0,0.0
3808,0.0,0.0,0.0
3809,0.0,0.0,0.0
3810,0.0,0.0,0.0
3811,0.0,0.0,0.0
3812,0.0,0.0,0.0
3813,0.0,0.0,0.0
3814,0.0,0.0,0.0
3815,0.0,0.0,0.0
3816,0.0,0.0,0.0
3817,0.0,0.0,0.0
3818,0.0,0.0,0.0
3819,0.0,0.0,0.0
3820,0.0,0.0,0.0
3821,0.0,0.0,0.0
3822,0.0,0.0,0.0
3823,0.0,0.0,0.0
3824,0.0,0.0,0.0
3825,0.0,0.0,0.0
3826,0.0,0.0,0.009
3827,0.0,0.0,0.0
3828,0.0,0.0,0.0
3829,0.0,0.0,0.097
3830,0.0,0.0,0.0
3831,0.0,0.0,0.0
3832,0.0,0.0,0.0
3833,0.0,0.0,0.139
3834,0.0,0.0,0.0
3835,0.0,0.0,0.0
3836,0.0,0.0,0.0
3837,0.0,0.0,0.0
3838,0.0,0.0,0.172
3839,0.0,0.0,0.0
3840,0.0,0.0,0.0
3841,0.0,0.0,0.0
3842,0.0,0.0,0.0
3843,0.0,0.0,0.0
3844,0.0,0.0,0.0
3845,0.0,0.0,0.108
3846,0.0,0.0,0.0
3847,0.0,0.0,0.0
3848,0.0,0.0,0.0
3849,0.0,0.0,0.185
3850,0.0,0.0,0.0
3851,0.0,0.0,0.0
3852,0.0,0.0,0.0
3853,0.0,0.0,0.0
3854,0.0,0.0,0.0
3855,0.0,0.0,0.0
3856,0.0,0.0,0.0
3857,0.0,0.0,0.0
3858,0.0,0.0,0.0
3859,0.0,0.0,0.0
3860,0.0,0.0,0.0
3861,0.0,0.0,0.0
3862,0.0,0.0,0.095
3863,0.0,0.0,0.0
3864,0.0,0.0,0.2
3865,0.0,0.0,0.0
3866,0.0,0.0,0.0
3867,0.0,0.0,0.151
3868,0.0,0.0,0.0
3869,0.0,0.0,0.048
3870,0.0,0.0,0.0
3871,0.0,0.135,0.571
3872,0.0,0.0,0.0
3873,0.0,0.0,0.0
3874,0.0,0.0,0.0
3875,0.0,0.0,0.0
3876,0.0,0.0,0.0
3877,0.0,0.0,0.0
3878,0.0,0.0,0.0
3879,0.0,0.0,0.0
3880,0.0,0.0,0.0
3881,0.0,0.0,0.328
3882,0.0,0.0,0.0
3883,0.0,0.0,0.0
3884,0.0,0.0,0.0
3885,0.0,0.0,0.0
3886,0.0,0.0,0.0
3887,0.194,0.502,0.31
3888,0.0,0.0,0.0
3889,0.0,0.0,0.142
3890,0.0,0.0,0.0
3891,0.0,0.0,0.439
3892,0.0,0.0,0.0
3893,0.0,0.0,0.0
3894,0.0,0.0,0.148
3895,0.0,0.0,0.153
3896,2.48,0.517,0.143
3897,0.0,0.0,0.533
3898,0.0,0.0,0.0
3899,0.0,0.0,0.0
3900,0.0,0.0,0.0
3901,0.0,0.0,0.0
3902,0.0,0.0,0.0
3903,0.197,1.401,0.497
3904,0.0,1.599,0.565
3905,0.0,0.0,0.0
3906,0.0,0.0,0.434
3907,0.0,0.0,0.0
3908,0.0,0.0,0.0
3909,0.0,0.0,0.0
3910,0.0,0.0,0.113
3911,0.0,0.0,0.0
3912,0.0,0.0,0.0
3913,0.0,0.0,0.0
3914,0.0,0.0,0.0
3915,0.0,0.0,0.0
3916,0.0,0.0,0.0
3917,0.0,0.0,0.142
3918,0.0,0.0,0.0
3919,0.0,0.0,0.0
3920,0.0,0.0,0.0
3921,0.0,0.0,0.0
3922,0.0,0.0,0.0
3923,0.0,0.0,0.445
3924,0.0,0.0,0.0
3925,0.0,0.0,0.0
3926,0.0,0.0,0.0
3927,0.0,0.0,0.011
3928,1.165,2.03,0.577
3929,0.701,1.153,0.531
3930,0.0,0.0,0.0
3931,0.0,0.0,0.0
3932,0.0,0.0,0.0
3933,0.0,0.0,0.0
3934,0.0,0.0,0.0
3935,0.0,0.71,3.39
3936,0.0,0.0,0.0
3937,0.0,0.0,0.0
3938,0.0,0.0,0.0
3939,0.0,0.0,0.0
3940,0.0,0.0,0.402
3941,0.0,0.0,0.0
3942,1.939,1.535,2.609
3943,0.0,0.0,0.0
3944,1.403,0.453,2.79
3945,1.555,0.669,3.701
3946,0.0,0.0,0.0
3947,0.0,0.0,0.0
3948,0.0,1.283,1.007
3949,0.0,0.0,0.0
3950,0.0,0.0,0.0
3951,0.0,0.0,0.0
3952,0.0,0.0,0.0
3953,0.0,0.0,0.0
3954,0.0,0.0,0.0
3955,0.0,0.0,0.0
3956,0.0,0.0,0.551
3957,0.0,0.0,0.444
3958,0.0,0.0,0.0
3959,0.0,0.0,0.0
3960,0.0,0.0,0.0
3961,0.729,1.315,0.573
3962,0.0,0.638,4.321
3963,0.0,0.0,0.0
3964,0.0,0.0,0.0
3965,0.0,0.0,0.0
3966,0.0,0.0,0.0
3967,0.0,0.0,0.0
3968,0.0,0.0,0.062
3969,0.0,0.0,0.0
3970,0.0,0.0,0.078
3971,0.0,0.0,0.0
3972,0.0,0.055,0.691
3973,0.0,0.0,0.0
3974,0.0,0.0,0.0
3975,0.0,0.0,0.0
3976,0.03,8.186,5.451
3977,0.0,0.0,0.0
3978,0.0,0.0,0.0
3979,0.0,0.0,0.0
3980,1.348,1.501,3.798
3981,0.0,0.0,0.0
3982,0.0,0.0,0.0
3983,0.0,0.802,1.813
3984,0.0,0.0,0.0
3985,0.0,0.0,0.0
3986,0.0,0.055,1.075
3987,0.0,0.0,0.0
3988,0.0,0.0,0.0
3989,0.0,0.0,0.0
3990,0.0,0.0,0.0
3991,13.685,3.101,0.869
3992,18.555,11.125,6.079
3993,0.0,0.0,0.0
3994,0.0,0.0,0.0
3995,0.0,0.0,0.0
3996,0.0,0.0,0.0
3997,0.0,0.0,0.348
3998,0.0,0.0,0.0
3999,0.0,0.0,0.0
4000,0.429,1.118,3.112
4001,0.0,0.0,0.0
4002,0.0,0.0,0.0
4003,0.0,0.0,0.83
4004,0.0,0.0,0.0
4005,0.0,0.0,0.0
4006,0.0,0.0,0.0
4007,0.0,0.0,0.0
4008,0.0,0.0,0.0
4009,0.0,0.0,0.0
4010,0.0,0.0,0.0
4011,0.0,0.0,0.0
4012,0.0,0.0,0.0
4013,0.0,0.0,0.0
4014,0.0,0.0,0.0
4015,0.0,0.0,0.0
4016,11.553,2.824,0.822
4017,0.0,0.0,0.0
4018,0.0,0.0,0.0
4019,0.0,0.0,0.0
4020,0.0,0.0,0.0
4021,0.0,0.0,0.0
4022,0.0,0.0,0.0
4023,0.0,0.0,0.0
4024,0.0,0.0,0.371
4025,0.0,0.0,0.0
4026,0.0,0.0,0.0
4027,0.0,3.374,2.654
4028,0.0,0.0,0.0
4029,0.0,0.0,0.0
4030,0.0,0.0,0.0
4031,0.0,0.0,0.0
4032,0.0,0.0,0.0
4033,0.0,0.0,0.336
4034,0.0,0.0,0.0
4035,0.0,0.0,0.0
4036,0.0,0.0,0.0
4037,0.0,0.407,0.331
4038,0.0,0.0,0.0
4039,0.0,0.0,0.0
4040,0.0,0.0,0.0
4041,0.0,0.0,0.0
4042,0.0,0.0,0.0
4043,0.0,0.0,0.0
4044,0.0,2.915,2.685
4045,0.0,0.0,0.0
4046,0.0,0.0,0.0
4047,0.0,0.0,0.0
4048,0.0,0.0,0.818
4049,0.0,0.0,0.359
4050,0.0,0.0,0.0
4051,0.0,0.0,0.0
4052,0.0,0.0,0.0
4053,0.0,0.0,0.054
4054,0.0,0.0,0.0
4055,0.0,0.0,0.0
4056,0.0,0.0,0.0
4057,0.0,0.0,0.0
4058,0.0,0.0,0.918
4059,0.0,0.0,0.0
4060,0.0,0.0,0.0
4061,0.0,0.0,0.385
4062,0.0,0.0,0.0
4063,0.0,0.0,0.0
4064,0.0,2.138,1.223
4065,0.0,0.0,0.0
4066,0.0,0.0,0.0
4067,0.0,0.0,0.081
4068,0.0,0.0,0.0
4069,0.0,0.0,0.0
4070,0.0,0.0,0.0
4071,0.0,0.0,0.0
4072,0.0,0.0,0.0
4073,0.0,1.559,0.646
4074,0.0,0.0,0.0
4075,0.0,0.0,0.418
4076,0.0,0.0,0.0
4077,0.0,0.0,0.0
4078,0.0,0.0,0.0
4079,0.0,0.0,0.0
4080,0.0,0.0,0.0
4081,0.0,0.0,0.0
4082,0.0,0.0,0.0
4083,0.0,0.0,0.0
4084,0.0,0.0,0.0
4085,0.0,0.0,0.0
4086,0.0,0.0,0.977
4087,0.0,0.0,0.0
4088,0.0,0.0,0.0
4089,0.0,0.0,0.545
4090,0.0,0.0,0.0
4091,0.0,0.0,0.0
4092,0.0,0.0,0.0
4093,0.0,0.0,0.0
4094,0.0,0.0,0.679
4095,0.0,0.0,0.097
4096,0.0,0.0,0.0
4097,0.0,0.0,0.937
4098,0.0,0.0,0.0
4099,0.0,0.0,1.958
4100,0.0,0.0,0.0
4101,0.0,0.0,0.0
4102,0.0,0.0,0.0
4103,0.0,0.0,0.374
4104,0.0,0.0,0.0
4105,0.0,0.0,0.0
4106,0.0,0.0,0.923
4107,0.0,0.0,0.0
4108,0.0,0.0,0.048
4109,0.0,0.0,0.0
4110,0.0,0.0,0.0
4111,0.0,1.941,0.905
4112,0.0,0.0,0.122
4113,0.0,1.621,5.378
4114,0.0,0.0,0.407
4115,0.0,0.0,0.0
4116,0.0,0.0,0.095
4117,0.0,0.0,0.0
4118,0.0,0.0,0.0
4119,0.0,0.0,0.0
4120,0.0,0.0,0.0
4121,20.531,11.594,4.124
4122,0.0,0.0,0.0
4123,0.0,0.0,0.0
4124,0.0,0.0,0.0
4125,0.0,0.0,0.0
4126,0.0,0.0,0.0
4127,0.0,0.0,0.0
4128,0.0,0.0,0.0
4129,0.0,0.0,0.0
4130,0.0,0.0,0.0
4131,0.0,0.0,0.227
4132,0.0,0.0,0.0
4133,0.0,0.0,0.0
4134,0.0,0.0,0.0
4135,0.0,0.0,0.0
4136,0.0,0.0,0.0
4137,0.0,0.0,0.0
4138,0.0,0.0,0.0
4139,0.0,0.0,0.0
4140,0.0,0.0,0.0
4141,0.0,0.0,0.0
4142,12.067,8.522,2.85
4143,0.0,0.0,0.0
4144,0.0,2.969,4.833
4145,0.0,0.0,0.0
4146,0.0,0.0,0.243
4147,0.0,0.0,0.0
4148,0.0,0.0,0.0
4149,0.0,0.0,0.0
4150,0.0,0.0,0.0
4151,0.0,0.0,0.0
4152,0.0,0.0,0.0
4153,0.0,0.0,0.0
4154,0.0,0.0,0.0
4155,0.0,0.0,0.0
4156,0.0,0.0,0.294
4157,0.0,0.0,0.0
4158,0.0,0.0,0.0
4159,0.0,0.0,0.001
4160,0.0,0.102,0.403
4161,0.0,0.0,0.112
4162,0.0,0.0,0.621
4163,0.0,0.0,0.0
4164,0.0,0.0,0.0
4165,0.0,0.0,0.0
4166,0.0,0.0,0.524
4167,0.01,0.19,0.078
4168,0.0,0.0,0.0
4169,0.0,0.0,0.0
