farm_id,dist_to_defo_m_masked
0,1768.2
1,2270.1
2,860.9
3,810.0
4,853.3
5,2560.0
6,1755.6
7,1762.8
8,1822.1
9,1742.6
10,362.5
11,2560.0
12,2560.0
13,1224.1
14,2064.7
15,2210.5
16,1428.6
17,487.6
18,1626.3
19,2080.3
20,1806.8
21,2560.0
22,1691.9
23,1863.0
24,1877.2
25,1421.4
26,1542.8
27,1158.8
28,1663.9
29,1040.0
30,2227.7
31,758.2
32,1830.7
33,2560.0
34,2560.0
35,1120.1
36,2560.0
37,2560.0
38,2560.0
39,1895.1
40,2560.0
41,1753.5
42,1489.5
43,1150.4
44,2080.6
45,1333.3
46,2560.0
47,1843.3
48,1202.1
49,2560.0
50,2560.0
51,1473.5
52,1358.2
53,1574.2
54,2250.4
55,432.8
56,1277.7
57,966.9
58,1534.4
59,1088.5
60,1587.1
61,1557.2
62,2560.0
63,1686.1
64,1237.5
65,1950.0
66,2178.0
67,1121.6
68,332.4
69,1101.6
70,1324.0
71,1328.5
72,1070.0
73,1616.1
74,1050.2
75,1552.1
76,1780.2
77,2560.0
78,1390.1
79,1360.9
80,2329.7
81,848.8
82,840.5
83,1414.2
84,1348.5
85,1445.9
86,974.2
87,645.6
88,1077.9
89,1510.8
90,1234.9
91,2374.5
92,667.6
93,837.4
94,1235.6
95,1615.2
96,2560.0
97,976.5
98,1144.9
99,2560.0
100,1413.2
101,1572.9
102,510.9
103,557.3
104,1273.2
105,1858.5
106,2001.7
107,2560.0
108,1043.9
109,1952.5
110,650.7
111,2560.0
112,867.0
113,1637.5
114,1042.2
115,604.4
116,1574.9
117,1291.9
118,2548.9
119,510.0
120,2560.0
121,2560.0
122,1701.4
123,342.1
124,922.0
125,1768.8
126,610.6
127,1931.3
128,362.5
129,793.8
130,297.3
131,252.4
132,1776.9
133,2560.0
134,1755.6
135,2560.0
136,1444.7
137,672.3
138,1891.6
139,923.6
140,2560.0
141,1546.4
142,2560.0
143,2560.0
144,2560.0
145,1431.8
146,2185.2
147,798.8
148,1034.6
149,2002.8
150,577.0
151,1990.0
152,1959.2
153,2260.5
154,85.4
155,2560.0
156,990.1
157,2211.7
158,2394.5
159,2560.0
160,2230.3
161,2035.3
162,430.5
163,1625.9
164,2185.2
165,2560.0
166,1870.4
167,2560.0
168,920.5
169,1640.5
170,313.8
171,1418.0
172,278.0
173,1294.7
174,2560.0
175,2321.8
176,2097.5
177,2464.6
178,2345.4
179,1889.6
180,1172.8
181,2254.4
182,2560.0
183,392.2
184,2223.2
185,2560.0
186,344.8
187,2560.0
188,180.0
189,2560.0
190,2142.8
191,629.7
192,2560.0
193,2560.0
194,551.5
195,2286.4
196,2560.0
197,1190.2
198,1382.9
199,929.1
200,1016.0
201,1938.9
202,2560.0
203,2135.8
204,2560.0
205,2483.6
206,2560.0
207,1091.7
208,427.2
209,1849.8
210,2218.4
211,2432.1
212,2560.0
213,2560.0
214,2540.2
215,521.5
216,2560.0
217,2461.3
218,2560.0
219,502.2
220,2104.3
221,1090.2
222,2560.0
223,2493.4
224,2257.5
225,2069.3
226,2560.0
227,1878.4
228,510.1
229,2560.0
230,714.2
231,1077.0
232,1274.8
233,2560.0
234,2560.0
235,2560.0
236,664.8
237,2560.0
238,2560.0
239,2560.0
240,2560.0
241,2560.0
242,2560.0
243,2560.0
244,2560.0
245,2560.0
246,2076.9
247,283.0
248,543.4
249,1630.9
250,1443.1
251,2560.0
252,2317.3
253,689.6
254,2560.0
255,2560.0
256,2560.0
257,2560.0
258,671.2
259,2560.0
260,1580.9
261,2149.0
262,2560.0
263,848.8
264,2560.0
265,2560.0
266,2560.0
267,2560.0
268,1322.8
269,888.7
270,1364.4
271,2560.0
272,1799.5
273,2560.0
274,2560.0
275,2560.0
276,2560.0
277,1557.2
278,796.2
279,2560.0
280,2560.0
281,2495.7
282,2560.0
283,2560.0
284,2560.0
285,2560.0
286,890.5
287,2560.0
288,1081.7
289,2560.0
290,772.3
291,2560.0
292,638.1
293,1360.8
294,2560.0
295,478.5
296,2560.0
297,1960.9
298,2560.0
299,2200.8
300,2560.0
301,2560.0
302,823.3
303,1059.1
304,2560.0
305,2531.9
306,2560.0
307,2560.0
308,468.7
309,2560.0
310,966.3
311,2463.3
312,2560.0
313,2560.0
314,2560.0
315,2093.5
316,1688.1
317,2560.0
318,1328.0
319,1663.3
320,2560.0
321,2262.7
322,2560.0
323,2560.0
324,2461.3
325,1222.6
326,2196.7
327,2340.5
328,2560.0
329,2560.0
330,2560.0
331,1053.0
332,2560.0
333,2560.0
334,724.2
335,955.2
336,2560.0
337,2560.0
338,2560.0
339,2425.4
340,927.0
341,354.7
342,1959.2
343,2394.2
344,2541.9
345,2560.0
346,919.2
347,2560.0
348,373.6
349,2560.0
350,1128.7
351,2560.0
352,2560.0
353,2560.0
354,2482.9
355,2560.0
356,2068.7
357,1840.1
358,2560.0
359,2560.0
360,383.3
361,2560.0
362,2560.0
363,1116.1
364,2560.0
365,684.3
366,2560.0
367,2560.0
368,2197.2
369,1930.6
370,1909.7
371,826.2
372,1103.7
373,1997.3
374,2560.0
375,1765.0
376,2013.3
377,1881.0
378,743.3
379,514.8
380,1511.7
381,2560.0
382,2560.0
383,1600.8
384,310.2
385,1114.3
386,2560.0
387,1897.6
388,1783.4
389,2560.0
390,2560.0
391,2560.0
392,1742.6
393,311.1
394,2560.0
395,2560.0
396,1082.4
397,1459.9
398,1450.9
399,1809.4
400,2560.0
401,2560.0
402,2560.0
403,2560.0
404,1354.5
405,628.2
406,1200.2
407,1455.3
408,1578.0
409,2560.0
410,2560.0
411,2560.0
412,2560.0
413,2560.0
414,2560.0
415,1866.8
416,1408.9
417,1746.6
418,730.6
419,642.8
420,990.5
421,2560.0
422,471.7
423,1947.4
424,322.5
425,1022.6
426,1390.1
427,1954.9
428,2503.2
429,2560.0
430,671.2
431,2073.9
432,1167.3
433,1532.2
434,843.8
435,178.9
436,1901.9
437,1290.0
438,2560.0
439,1250.2
440,2530.0
441,2560.0
442,2560.0
443,2187.1
444,1049.2
445,1118.9
446,2560.0
447,585.2
448,892.0
449,1158.7
450,1724.3
451,2560.0
452,2111.4
453,2560.0
454,2465.5
455,2182.1
456,2560.0
457,2560.0
458,834.9
459,2402.0
460,2560.0
461,2207.8
462,2560.0
463,2196.5
464,2560.0
465,785.9
466,2182.8
467,2451.8
468,2560.0
469,604.2
470,2560.0
471,1878.4
472,2258.5
473,2560.0
474,2560.0
475,2560.0
476,834.3
477,2082.5
478,849.0
479,2360.2
480,1962.5
481,2560.0
482,2399.2
483,2476.5
484,2560.0
485,725.7
486,2560.0
487,2345.4
488,763.2
489,2560.0
490,111.8
491,2560.0
492,2560.0
493,636.4
494,306.8
495,358.5
496,830.0
497,2560.0
498,1943.6
499,800.6
500,2560.0
501,1543.0
502,2560.0
503,1334.1
504,2560.0
505,2560.0
506,110.5
507,2560.0
508,1450.1
509,2560.0
510,541.5
511,2560.0
512,2560.0
513,2560.0
514,2560.0
515,2560.0
516,2560.0
517,2560.0
518,1123.6
519,2560.0
520,752.9
521,964.6
522,438.3
523,233.2
524,277.3
525,2253.9
526,2258.0
527,851.5
528,708.3
529,349.3
530,840.2
531,2560.0
532,2560.0
533,983.1
534,1862.5
535,220.0
536,538.1
537,1642.8
538,2560.0
539,1156.9
540,1886.1
541,2560.0
542,2560.0
543,1657.4
544,1629.8
545,1964.9
546,2560.0
547,1499.1
548,1715.4
549,1802.4
550,2560.0
551,2245.1
552,2560.0
553,2560.0
554,2560.0
555,533.4
556,2560.0
557,2560.0
558,407.9
559,1567.3
560,2560.0
561,1404.3
562,2560.0
563,1050.0
564,730.6
565,2560.0
566,1679.3
567,2560.0
568,10.0
569,1093.7
570,2136.0
571,2560.0
572,197.2
573,532.4
574,2560.0
575,2560.0
576,2099.8
577,490.0
578,2560.0
579,2560.0
580,955.2
581,1124.5
582,1306.3
583,1560.2
584,2560.0
585,2560.0
586,400.0
587,2560.0
588,181.1
589,50.0
590,1353.3
591,2560.0
592,2560.0
593,2560.0
594,2560.0
595,1292.5
596,2560.0
597,1315.9
598,2560.0
599,2560.0
600,1088.1
601,890.4
602,559.5
603,1326.4
604,1187.3
605,2560.0
606,944.3
607,2560.0
608,180.3
609,2560.0
610,2560.0
611,2560.0
612,1283.6
613,2560.0
614,1018.4
615,1019.5
616,550.3
617,911.8
618,914.4
619,432.8
620,2560.0
621,1385.2
622,2560.0
623,1010.0
624,2560.0
625,951.9
626,2560.0
627,260.8
628,2560.0
629,2560.0
630,446.0
631,2560.0
632,1080.5
633,1149.8
634,2560.0
635,2560.0
636,1052.1
637,2560.0
638,1106.9
639,2560.0
640,291.5
641,1315.9
642,2560.0
643,2075.1
644,1153.8
645,800.0
646,780.3
647,1211.2
648,475.4
649,2560.0
650,1101.5
651,1114.0
652,2560.0
653,2560.0
654,1298.5
655,2560.0
656,2560.0
657,2560.0
658,959.0
659,2560.0
660,1243.1
661,2560.0
662,870.0
663,1353.7
664,1229.3
665,473.8
666,2560.0
667,2560.0
668,2560.0
669,809.9
670,1438.9
671,2560.0
672,2560.0
673,2436.6
674,728.0
675,1354.7
676,1468.1
677,1382.3
678,2560.0
679,2560.0
680,2560.0
681,1423.9
682,2560.0
683,895.9
684,2560.0
685,2560.0
686,1253.6
687,2560.0
688,1007.2
689,2560.0
690,1191.0
691,2464.9
692,881.0
693,2560.0
694,1301.2
695,1166.6
696,750.0
697,2560.0
698,1639.2
699,869.5
700,1219.2
701,2560.0
702,1522.3
703,926.6
704,2560.0
705,2319.0
706,1610.1
707,2560.0
708,643.5
709,1084.7
710,2560.0
711,1660.7
712,951.9
713,2560.0
714,2560.0
715,2560.0
716,1084.6
717,2560.0
718,2560.0
719,2560.0
720,2560.0
721,2560.0
722,2560.0
723,1062.3
724,545.6
725,2560.0
726,1152.1
727,1477.6
728,2560.0
729,1527.4
730,1000.0
731,2560.0
732,2560.0
733,2560.0
734,2560.0
735,2039.7
736,2560.0
737,2560.0
738,1114.0
739,654.6
740,2560.0
741,1190.4
742,2560.0
743,2560.0
744,686.2
745,1420.0
746,1176.9
747,1395.6
748,2560.0
749,2560.0
750,1478.7
751,1571.1
752,1303.8
753,1493.8
754,1514.9
755,2560.0
756,2560.0
757,2560.0
758,544.2
759,2560.0
760,1820.2
761,2560.0
762,2350.5
763,407.9
764,1533.8
765,2560.0
766,2545.9
767,1461.0
768,2560.0
769,397.0
770,2560.0
771,2560.0
772,2560.0
773,724.0
774,1450.0
775,428.0
776,1592.2
777,610.1
778,2560.0
779,2480.7
780,2560.0
781,1765.8
782,2560.0
783,2560.0
784,2560.0
785,1634.2
786,1528.8
787,2560.0
788,420.5
789,1056.8
790,2560.0
791,2118.5
792,1587.6
793,2560.0
794,2560.0
795,910.9
796,1904.1
797,2560.0
798,375.9
799,1553.2
800,2560.0
801,2560.0
802,1256.1
803,2560.0
804,2560.0
805,2560.0
806,2560.0
807,2560.0
808,1884.5
809,1927.6
810,2560.0
811,2560.0
812,2560.0
813,2560.0
814,2560.0
815,1809.4
816,1741.5
817,1647.6
818,1730.5
819,120.0
820,2560.0
821,1209.3
822,2560.0
823,956.0
824,2560.0
825,2560.0
826,2560.0
827,2560.0
828,2560.0
829,2370.6
830,2114.8
831,2560.0
832,1697.1
833,2560.0
834,2560.0
835,2520.1
836,1990.9
837,996.9
838,2560.0
839,722.4
840,608.1
841,2560.0
842,2560.0
843,2560.0
844,238.5
845,67.1
846,1922.1
847,2097.0
848,1233.1
849,2560.0
850,94.9
851,2560.0
852,2560.0
853,2560.0
854,2560.0
855,1099.0
856,264.8
857,2560.0
858,2560.0
859,2560.0
860,2089.5
861,2560.0
862,2560.0
863,2560.0
864,2413.6
865,2560.0
866,2560.0
867,723.5
868,2560.0
869,2247.0
870,2560.0
871,130.4
872,2553.7
873,2560.0
874,534.5
875,2560.0
876,205.2
877,2500.5
878,2025.3
879,2560.0
880,2394.6
881,2560.0
882,529.5
883,2560.0
884,1855.3
885,2560.0
886,2560.0
887,2560.0
888,1156.8
889,2362.8
890,2560.0
891,2330.9
892,2539.0
893,360.6
894,2560.0
895,2560.0
896,688.8
897,2560.0
898,835.5
899,2473.5
900,2298.7
901,2449.2
902,2560.0
903,2560.0
904,537.6
905,2560.0
906,2560.0
907,2560.0
908,130.0
909,2560.0
910,657.6
911,2396.4
912,2560.0
913,274.6
914,2560.0
915,2560.0
916,1439.5
917,2560.0
918,1029.0
919,72.8
920,223.6
921,2560.0
922,2560.0
923,340.0
924,2560.0
925,2524.5
926,2560.0
927,859.1
928,348.3
929,484.1
930,2369.1
931,2560.0
932,2560.0
933,2560.0
934,2560.0
935,2560.0
936,90.0
937,2560.0
938,2515.1
939,516.2
940,2560.0
941,2560.0
942,2560.0
943,44.7
944,2550.2
945,2560.0
946,2560.0
947,511.1
948,2560.0
949,2560.0
950,2560.0
951,434.2
952,352.3
953,2560.0
954,2560.0
955,2560.0
956,605.4
957,2560.0
958,2560.0
959,2560.0
960,2560.0
961,2560.0
962,1441.7
963,2560.0
964,2560.0
965,2560.0
966,698.1
967,2325.0
968,2560.0
969,2560.0
970,2560.0
971,570.7
972,2560.0
973,2560.0
974,530.4
975,2560.0
976,2560.0
977,2560.0
978,2136.8
979,2560.0
980,2560.0
981,1079.0
982,2560.0
983,2024.3
984,272.9
985,2560.0
986,2560.0
987,2560.0
988,1312.4
989,60.0
990,2560.0
991,2217.1
992,2560.0
993,2560.0
994,2560.0
995,2560.0
996,2560.0
997,2560.0
998,876.6
999,327.6
1000,2560.0
1001,2534.8
1002,820.2
1003,2432.1
1004,2008.2
1005,310.6
1006,2560.0
1007,2560.0
1008,2081.5
1009,1323.2
1010,2560.0
1011,2560.0
1012,2560.0
1013,2560.0
1014,2560.0
1015,2560.0
1016,2560.0
1017,2560.0
1018,2560.0
1019,1280.8
1020,2560.0
1021,2560.0
1022,2560.0
1023,2560.0
1024,2560.0
1025,2560.0
1026,2560.0
1027,2560.0
1028,2560.0
1029,2560.0
1030,2560.0
1031,2266.1
1032,919.2
1033,2560.0
1034,2560.0
1035,460.1
1036,2085.4
1037,2507.0
1038,1536.3
1039,2491.0
1040,2560.0
1041,1284.4
1042,2560.0
1043,2468.6
1044,2022.5
1045,2560.0
1046,2560.0
1047,1818.9
1048,2560.0
1049,1916.4
1050,2560.0
1051,2560.0
1052,2560.0
1053,2560.0
1054,2552.0
1055,2560.0
1056,873.2
1057,2428.6
1058,681.5
1059,1746.3
1060,1507.6
1061,2560.0
1062,2211.4
1063,2074.1
1064,2560.0
1065,1511.7
1066,2560.0
1067,2560.0
1068,2560.0
1069,2560.0
1070,2560.0
1071,2560.0
1072,1980.7
1073,837.6
1074,955.2
1075,793.1
1076,2560.0
1077,2560.0
1078,621.7
1079,1101.5
1080,2560.0
1081,2560.0
1082,1322.3
1083,523.9
1084,2560.0
1085,740.9
1086,2560.0
1087,2560.0
1088,1714.2
1089,2538.0
1090,2560.0
1091,2560.0
1092,2477.8
1093,2295.4
1094,605.3
1095,842.2
1096,2560.0
1097,2476.8
1098,1739.3
1099,1594.1
1100,2560.0
1101,2560.0
1102,1355.9
1103,740.1
1104,2560.0
1105,2560.0
1106,1033.2
1107,2560.0
1108,1151.1
1109,898.4
1110,2560.0
1111,2009.4
1112,2560.0
1113,447.8
1114,2560.0
1115,2560.0
1116,2560.0
1117,2040.1
1118,476.3
1119,944.1
1120,2560.0
1121,2560.0
1122,2560.0
1123,2560.0
1124,764.2
1125,1206.2
1126,2560.0
1127,1255.4
1128,2188.9
1129,2560.0
1130,2560.0
1131,2560.0
1132,1467.5
1133,2560.0
1134,2560.0
1135,929.7
1136,2560.0
1137,2466.2
1138,834.3
1139,2560.0
1140,2560.0
1141,1026.1
1142,2560.0
1143,2560.0
1144,2560.0
1145,2560.0
1146,1262.9
1147,2544.2
1148,2560.0
1149,2560.0
1150,2560.0
1151,1546.3
1152,2386.6
1153,2560.0
1154,2560.0
1155,2560.0
1156,2497.3
1157,2560.0
1158,2560.0
1159,1772.9
1160,2560.0
1161,2560.0
1162,2560.0
1163,2560.0
1164,2560.0
1165,2560.0
1166,1366.2
1167,1823.9
1168,1559.3
1169,2560.0
1170,1026.5
1171,2560.0
1172,1383.6
1173,1572.0
1174,1873.0
1175,1120.7
1176,2560.0
1177,1575.4
1178,1486.6
1179,1394.4
1180,1850.8
1181,1601.6
1182,2560.0
1183,164.9
1184,2560.0
1185,1072.8
1186,219.3
1187,1577.0
1188,1565.5
1189,2560.0
1190,1535.5
1191,2101.0
1192,1239.1
1193,2560.0
1194,1755.7
1195,2560.0
1196,2560.0
1197,2560.0
1198,1650.0
1199,1167.3
1200,1183.0
1201,2142.2
1202,2029.4
1203,1981.7
1204,2560.0
1205,2560.0
1206,2560.0
1207,1912.6
1208,1794.5
1209,2560.0
1210,2560.0
1211,1031.7
1212,1136.5
1213,1313.2
1214,2048.2
1215,2560.0
1216,2560.0
1217,813.0
1218,2560.0
1219,1767.3
1220,1708.8
1221,1920.1
1222,2560.0
1223,2560.0
1224,2560.0
1225,2560.0
1226,2375.5
1227,2050.6
1228,2560.0
1229,2560.0
1230,2560.0
1231,211.0
1232,2113.7
1233,1875.2
1234,2560.0
1235,1709.5
1236,1054.8
1237,2560.0
1238,2560.0
1239,2560.0
1240,461.7
1241,2001.2
1242,2560.0
1243,1527.4
1244,693.8
1245,2560.0
1246,2189.1
1247,2560.0
1248,838.6
1249,2560.0
1250,2024.3
1251,2050.1
1252,2560.0
1253,2194.8
1254,2560.0
1255,2560.0
1256,2112.9
1257,2560.0
1258,295.3
1259,1005.0
1260,2194.3
1261,2560.0
1262,1195.2
1263,306.1
1264,2080.9
1265,2560.0
1266,2560.0
1267,2560.0
1268,2560.0
1269,1634.9
1270,2412.4
1271,1479.9
1272,141.4
1273,609.6
1274,2560.0
1275,2441.0
1276,1594.0
1277,1524.0
1278,2560.0
1279,2560.0
1280,1494.0
1281,2560.0
1282,2560.0
1283,1015.1
1284,2560.0
1285,1859.8
1286,2560.0
1287,2560.0
1288,2560.0
1289,2560.0
1290,2560.0
1291,2283.2
1292,2560.0
1293,1764.8
1294,2560.0
1295,2560.0
1296,2507.7
1297,2427.9
1298,2560.0
1299,2293.9
1300,2560.0
1301,572.7
1302,2560.0
1303,2560.0
1304,397.0
1305,2560.0
1306,955.2
1307,1356.9
1308,2560.0
1309,581.4
1310,2217.1
1311,1118.3
1312,2560.0
1313,2013.2
1314,1274.4
1315,2560.0
1316,2560.0
1317,2560.0
1318,2560.0
1319,107.7
1320,313.8
1321,2133.4
1322,272.9
1323,2560.0
1324,2560.0
1325,780.3
1326,10.0
1327,266.8
1328,2560.0
1329,2560.0
1330,1872.6
1331,853.8
1332,2560.0
1333,2381.4
1334,2560.0
1335,2364.1
1336,1370.6
1337,211.0
1338,120.0
1339,2560.0
1340,272.9
1341,1338.4
1342,2560.0
1343,2560.0
1344,2560.0
1345,189.7
1346,1785.4
1347,2560.0
1348,1322.3
1349,1385.8
1350,63.2
1351,1308.6
1352,2560.0
1353,1699.6
1354,1661.1
1355,850.7
1356,2560.0
1357,240.8
1358,2560.0
1359,2560.0
1360,2262.4
1361,186.8
1362,2560.0
1363,2330.9
1364,869.5
1365,2560.0
1366,1916.4
1367,2560.0
1368,2164.5
1369,2091.9
1370,393.2
1371,2560.0
1372,492.4
1373,1676.1
1374,1570.6
1375,475.1
1376,2560.0
1377,2560.0
1378,2265.5
1379,2560.0
1380,2560.0
1381,2099.7
1382,2560.0
1383,654.6
1384,2560.0
1385,2560.0
1386,302.7
1387,2560.0
1388,2560.0
1389,639.5
1390,2560.0
1391,1929.2
1392,2521.9
1393,2560.0
1394,2560.0
1395,1721.0
1396,2476.2
1397,2560.0
1398,2295.3
1399,510.0
1400,2560.0
1401,2560.0
1402,523.9
1403,2560.0
1404,1463.9
1405,1510.8
1406,1764.8
1407,2560.0
1408,1798.5
1409,2560.0
1410,1053.0
1411,2378.6
1412,2560.0
1413,2209.5
1414,463.2
1415,893.2
1416,730.0
1417,2560.0
1418,2071.7
1419,2560.0
1420,2560.0
1421,843.8
1422,598.4
1423,1331.5
1424,2106.7
1425,403.1
1426,1290.0
1427,642.6
1428,1622.5
1429,1381.0
1430,2240.6
1431,1203.1
1432,1450.1
1433,2061.6
1434,2560.0
1435,2560.0
1436,1189.8
1437,688.8
1438,1510.5
1439,2560.0
1440,2560.0
1441,2560.0
1442,1451.2
1443,1060.4
1444,1255.9
1445,2560.0
1446,1487.2
1447,1647.7
1448,2185.0
1449,1628.1
1450,2560.0
1451,2560.0
1452,939.4
1453,2560.0
1454,1704.7
1455,1034.7
1456,2560.0
1457,1495.1
1458,1711.4
1459,2491.0
1460,1441.6
1461,2560.0
1462,1352.4
1463,1037.3
1464,1270.3
1465,1276.6
1466,971.6
1467,980.3
1468,2199.4
1469,1665.8
1470,1753.1
1471,2560.0
1472,1661.5
1473,2312.1
1474,1202.7
1475,1787.6
1476,1654.1
1477,2560.0
1478,1176.6
1479,2084.7
1480,1528.2
1481,2560.0
1482,2560.0
1483,1388.4
1484,2560.0
1485,1691.6
1486,2560.0
1487,1530.6
1488,2560.0
1489,2490.2
1490,2177.5
1491,1628.6
1492,1843.0
1493,2560.0
1494,1342.4
1495,1210.0
1496,993.0
1497,1419.0
1498,1660.8
1499,1408.0
1500,1363.0
1501,1913.9
1502,2464.5
1503,1740.3
1504,2560.0
1505,2560.0
1506,1734.9
1507,1863.0
1508,2047.3
1509,2560.0
1510,2560.0
1511,1530.3
1512,1378.2
1513,1718.3
1514,2560.0
1515,2560.0
1516,1688.6
1517,1491.2
1518,2403.5
1519,2560.0
1520,1931.5
1521,1778.6
1522,2560.0
1523,2560.0
1524,1960.2
1525,1560.6
1526,2560.0
1527,2560.0
1528,2560.0
1529,2560.0
1530,1636.2
1531,2141.1
1532,2503.5
1533,2560.0
1534,2560.0
1535,1736.6
1536,1825.8
1537,2540.2
1538,1100.2
1539,1425.2
1540,2380.5
1541,2436.6
1542,2103.0
1543,1981.2
1544,2560.0
1545,2560.0
1546,2522.5
1547,2250.0
1548,2415.0
1549,2560.0
1550,2560.0
1551,2253.8
1552,1815.9
1553,2560.0
1554,2309.3
1555,2047.1
1556,2560.0
1557,2560.0
1558,2348.3
1559,2026.0
1560,2560.0
1561,2560.0
1562,2560.0
1563,2560.0
1564,2560.0
1565,2010.6
1566,2362.1
1567,2248.4
1568,2061.8
1569,2560.0
1570,2560.0
1571,2085.4
1572,2560.0
1573,2560.0
1574,2560.0
1575,2458.0
1576,2560.0
1577,2560.0
1578,2330.1
1579,2035.9
1580,2436.1
1581,2560.0
1582,2560.0
1583,2560.0
1584,2045.3
1585,2560.0
1586,2286.5
1587,2560.0
1588,2081.0
1589,2520.0
1590,1930.4
1591,2212.7
1592,2560.0
1593,2560.0
1594,1843.2
1595,2560.0
1596,2393.5
1597,2425.3
1598,2560.0
1599,2408.8
1600,2560.0
1601,2560.0
1602,2349.3
1603,2560.0
1604,2560.0
1605,2397.1
1606,2510.8
1607,2560.0
1608,2560.0
1609,2560.0
1610,2560.0
1611,2560.0
1612,2493.6
1613,2560.0
1614,2560.0
1615,2560.0
1616,2560.0
1617,2560.0
1618,2560.0
1619,2560.0
1620,2560.0
1621,1968.0
1622,2560.0
1623,2560.0
1624,2323.0
1625,2560.0
1626,2560.0
1627,2560.0
1628,2560.0
1629,2560.0
1630,2247.4
1631,2249.6
1632,2560.0
1633,1152.6
1634,1160.2
1635,2560.0
1636,2560.0
1637,158.1
1638,2088.3
1639,1941.6
1640,2560.0
1641,2560.0
1642,2560.0
1643,2560.0
1644,2560.0
1645,1603.1
1646,2560.0
1647,2560.0
1648,1641.4
1649,2560.0
1650,2560.0
1651,2560.0
1652,2560.0
1653,2560.0
1654,2560.0
1655,2560.0
1656,2560.0
1657,2560.0
1658,2560.0
1659,2560.0
1660,2560.0
1661,2560.0
1662,2560.0
1663,2560.0
1664,2560.0
1665,794.0
1666,820.5
1667,2560.0
1668,2560.0
1669,2560.0
1670,2560.0
1671,2560.0
1672,2560.0
1673,1305.5
1674,2560.0
1675,2042.8
1676,2560.0
1677,2560.0
1678,2560.0
1679,2560.0
1680,2560.0
1681,2560.0
1682,1188.8
1683,2560.0
1684,2560.0
1685,2560.0
1686,2560.0
1687,2560.0
1688,2560.0
1689,1163.0
1690,2560.0
1691,2560.0
1692,2560.0
1693,2560.0
1694,2560.0
1695,2560.0
1696,2560.0
1697,1056.9
1698,2560.0
1699,2560.0
1700,2560.0
1701,2560.0
1702,2560.0
1703,2560.0
1704,2560.0
1705,123.7
1706,2560.0
1707,793.1
1708,2560.0
1709,2560.0
1710,380.5
1711,2560.0
1712,2560.0
1713,2560.0
1714,917.1
1715,2514.5
1716,964.0
1717,2560.0
1718,2560.0
1719,2560.0
1720,2560.0
1721,510.9
1722,2560.0
1723,1480.6
1724,990.9
1725,2560.0
1726,2504.5
1727,2560.0
1728,2560.0
1729,2560.0
1730,1857.4
1731,200.0
1732,290.0
1733,2560.0
1734,2560.0
1735,2560.0
1736,2396.8
1737,2560.0
1738,2560.0
1739,1403.9
1740,616.6
1741,1030.8
1742,2560.0
1743,2560.0
1744,128.1
1745,2560.0
1746,1113.6
1747,468.7
1748,2560.0
1749,908.7
1750,671.8
1751,2560.0
1752,2423.0
1753,2560.0
1754,2560.0
1755,2528.8
1756,523.3
1757,176.9
1758,2319.1
1759,2560.0
1760,108.2
1761,394.1
1762,2283.7
1763,787.9
1764,2560.0
1765,961.8
1766,2560.0
1767,367.7
1768,2160.2
1769,148.7
1770,691.2
1771,770.8
1772,2560.0
1773,286.5
1774,261.7
1775,2560.0
1776,525.0
1777,356.9
1778,2560.0
1779,430.8
1780,1991.8
1781,1933.1
1782,490.0
1783,1658.5
1784,2560.0
1785,2560.0
1786,1125.9
1787,2202.7
1788,2227.0
1789,1700.0
1790,2083.9
1791,2560.0
1792,1988.8
1793,110.5
1794,667.3
1795,1886.0
1796,303.6
1797,810.2
1798,414.8
1799,2560.0
1800,2560.0
1801,2192.8
1802,2560.0
1803,1776.1
1804,1930.4
1805,2109.5
1806,1008.8
1807,250.0
1808,2560.0
1809,1531.8
1810,2379.5
1811,2560.0
1812,2093.1
1813,416.3
1814,2560.0
1815,638.1
1816,2086.6
1817,272.9
1818,2111.9
1819,379.5
1820,899.0
1821,2560.0
1822,1097.7
1823,2560.0
1824,2560.0
1825,2560.0
1826,1568.5
1827,1400.4
1828,2560.0
1829,746.7
1830,602.1
1831,2560.0
1832,1762.1
1833,2560.0
1834,2560.0
1835,1427.1
1836,1336.3
1837,1965.8
1838,2451.0
1839,2560.0
1840,1960.3
1841,2336.0
1842,2560.0
1843,2560.0
1844,919.3
1845,1221.9
1846,862.8
1847,2255.3
1848,1927.7
1849,1439.6
1850,2473.4
1851,1714.0
1852,2264.9
1853,551.5
1854,1511.7
1855,1738.3
1856,1164.7
1857,2560.0
1858,2560.0
1859,2560.0
1860,1211.0
1861,1392.8
1862,2113.0
1863,2000.8
1864,993.0
1865,2291.9
1866,2245.6
1867,2560.0
1868,2560.0
1869,2393.0
1870,937.7
1871,743.3
1872,2560.0
1873,2277.6
1874,1560.2
1875,1994.9
1876,2367.7
1877,1344.7
1878,2107.7
1879,1561.6
1880,1650.3
1881,2560.0
1882,2560.0
1883,1642.6
1884,2560.0
1885,1525.3
1886,1764.9
1887,1681.8
1888,1459.6
1889,1267.6
1890,2560.0
1891,2560.0
1892,2560.0
1893,2560.0
1894,2560.0
1895,2105.4
1896,2560.0
1897,2258.7
1898,923.6
1899,2560.0
1900,1874.2
1901,2560.0
1902,2116.8
1903,894.5
1904,2514.6
1905,2439.4
1906,2289.5
1907,2560.0
1908,1173.9
1909,1473.2
1910,2560.0
1911,690.8
1912,2407.1
1913,2260.5
1914,1531.0
1915,1373.1
1916,2560.0
1917,2183.3
1918,1913.1
1919,2170.0
1920,1067.8
1921,1632.2
1922,1317.3
1923,2560.0
1924,1982.2
1925,1490.4
1926,2110.1
1927,1972.1
1928,1162.1
1929,2560.0
1930,2560.0
1931,1847.6
1932,2560.0
1933,2560.0
1934,914.0
1935,1333.0
1936,2298.9
1937,2560.0
1938,1903.8
1939,923.5
1940,1330.0
1941,1006.6
1942,1117.6
1943,1958.8
1944,755.4
1945,2560.0
1946,746.3
1947,2560.0
1948,868.2
1949,2560.0
1950,1603.7
1951,2560.0
1952,2240.1
1953,1725.4
1954,2560.0
1955,980.8
1956,2560.0
1957,2560.0
1958,2560.0
1959,1506.2
1960,2560.0
1961,1470.0
1962,800.5
1963,2560.0
1964,1671.5
1965,1672.9
1966,341.8
1967,1071.7
1968,2560.0
1969,427.2
1970,2560.0
1971,1212.6
1972,1830.4
1973,2166.0
1974,1847.6
1975,2330.5
1976,1406.6
1977,1136.0
1978,2560.0
1979,2518.7
1980,698.9
1981,1002.6
1982,2423.0
1983,2560.0
1984,2560.0
1985,693.1
1986,828.6
1987,2560.0
1988,470.1
1989,2560.0
1990,2418.3
1991,1894.7
1992,1303.6
1993,2560.0
1994,2442.6
1995,2560.0
1996,2489.0
1997,2560.0
1998,70.0
1999,306.8
2000,2560.0
2001,2560.0
2002,2560.0
2003,2301.4
2004,2560.0
2005,380.8
2006,955.2
2007,2208.2
2008,2560.0
2009,2560.0
2010,2560.0
2011,2560.0
2012,281.6
2013,2560.0
2014,1254.0
2015,945.8
2016,653.1
2017,1511.6
2018,2197.4
2019,965.7
2020,542.0
2021,2560.0
2022,274.6
2023,1229.8
2024,989.8
2025,2053.6
2026,1042.4
2027,1124.5
2028,2356.8
2029,1231.7
2030,2560.0
2031,2107.7
2032,2103.8
2033,1089.3
2034,2560.0
2035,106.3
2036,2560.0
2037,755.4
2038,1249.1
2039,2560.0
2040,2406.1
2041,2137.8
2042,1060.8
2043,1200.7
2044,210.2
2045,2050.0
2046,1399.8
2047,2560.0
2048,982.7
2049,2059.3
2050,1297.6
2051,2238.8
2052,2560.0
2053,1467.0
2054,2560.0
2055,1831.0
2056,2560.0
2057,2560.0
2058,1559.8
2059,2242.1
2060,2067.0
2061,2560.0
2062,2560.0
2063,223.6
2064,2560.0
2065,1021.1
2066,2560.0
2067,1373.2
2068,2560.0
2069,1512.1
2070,1424.7
2071,2560.0
2072,2560.0
2073,1889.0
2074,1209.5
2075,2560.0
2076,230.0
2077,1806.8
2078,2560.0
2079,1647.7
2080,2560.0
2081,470.1
2082,2560.0
2083,2224.8
2084,1855.2
2085,1767.1
2086,50.0
2087,2059.1
2088,1602.6
2089,1576.2
2090,2560.0
2091,1530.6
2092,561.4
2093,1613.1
2094,1954.4
2095,1559.4
2096,2560.0
2097,1627.4
2098,2560.0
2099,1205.0
2100,704.9
2101,485.5
2102,2560.0
2103,398.5
2104,1473.3
2105,2560.0
2106,2560.0
2107,1845.9
2108,1824.6
2109,2560.0
2110,2560.0
2111,623.9
2112,523.5
2113,1198.5
2114,1589.6
2115,2049.8
2116,2560.0
2117,1527.6
2118,280.0
2119,1196.4
2120,2560.0
2121,1045.6
2122,1745.4
2123,2560.0
2124,439.3
2125,1011.2
2126,2560.0
2127,2560.0
2128,1128.7
2129,430.1
2130,1266.5
2131,1273.5
2132,2560.0
2133,436.8
2134,1903.7
2135,1145.3
2136,1210.0
2137,1318.5
2138,1137.2
2139,2286.5
2140,1333.0
2141,1187.0
2142,578.0
2143,2560.0
2144,2560.0
2145,2560.0
2146,2560.0
2147,2080.4
2148,2560.0
2149,1580.3
2150,2137.9
2151,1056.9
2152,2560.0
2153,989.8
2154,926.5
2155,2560.0
2156,1200.0
2157,2560.0
2158,2560.0
2159,1004.6
2160,194.2
2161,2560.0
2162,820.4
2163,2527.2
2164,1060.7
2165,2560.0
2166,2560.0
2167,2560.0
2168,1888.6
2169,2560.0
2170,1251.6
2171,1453.6
2172,2529.4
2173,1470.0
2174,1098.8
2175,1298.3
2176,961.5
2177,2477.2
2178,2560.0
2179,2560.0
2180,850.1
2181,2517.5
2182,2560.0
2183,1869.8
2184,802.6
2185,1477.2
2186,1987.1
2187,1717.7
2188,2560.0
2189,1096.2
2190,800.6
2191,942.6
2192,1310.3
2193,736.8
2194,1780.8
2195,2560.0
2196,691.8
2197,724.2
2198,2089.3
2199,2517.7
2200,2502.6
2201,623.9
2202,427.2
2203,835.3
2204,2560.0
2205,2560.0
2206,1259.0
2207,924.4
2208,1190.4
2209,787.5
2210,2560.0
2211,1862.7
2212,2560.0
2213,2560.0
2214,434.6
2215,585.9
2216,666.1
2217,543.4
2218,2560.0
2219,2560.0
2220,2029.4
2221,907.4
2222,1233.7
2223,752.1
2224,1782.7
2225,2560.0
2226,2560.0
2227,2552.3
2228,752.9
2229,549.2
2230,1999.0
2231,600.0
2232,894.9
2233,1431.4
2234,2560.0
2235,2560.0
2236,393.2
2237,2152.3
2238,2560.0
2239,2560.0
2240,2560.0
2241,2526.9
2242,1848.8
2243,965.2
2244,414.0
2245,210.2
2246,680.3
2247,2560.0
2248,1502.1
2249,232.6
2250,2543.3
2251,2482.0
2252,1450.0
2253,899.6
2254,1428.6
2255,788.7
2256,360.6
2257,2560.0
2258,998.6
2259,804.0
2260,2560.0
2261,2303.3
2262,80.6
2263,490.4
2264,2560.0
2265,1321.4
2266,2325.5
2267,2318.1
2268,1870.2
2269,2560.0
2270,2471.0
2271,2310.5
2272,2560.0
2273,2560.0
2274,2560.0
2275,963.3
2276,1920.7
2277,748.1
2278,2560.0
2279,912.2
2280,1243.4
2281,2560.0
2282,2160.0
2283,1838.8
2284,696.3
2285,250.0
2286,2380.3
2287,1724.9
2288,320.0
2289,128.1
2290,2272.7
2291,375.8
2292,457.1
2293,1142.1
2294,2560.0
2295,880.7
2296,136.0
2297,1461.5
2298,328.0
2299,429.4
2300,278.9
2301,294.1
2302,2226.1
2303,1712.7
2304,461.4
2305,1991.1
2306,1632.3
2307,2560.0
2308,2560.0
2309,774.9
2310,2092.5
2311,1624.3
2312,2466.0
2313,2072.9
2314,2560.0
2315,475.4
2316,1640.8
2317,499.8
2318,2560.0
2319,233.5
2320,1001.8
2321,1954.9
2322,2560.0
2323,658.0
2324,1729.3
2325,470.1
2326,1603.3
2327,546.7
2328,2560.0
2329,1432.5
2330,1656.8
2331,2560.0
2332,1503.3
2333,2560.0
2334,259.6
2335,1080.7
2336,2560.0
2337,432.7
2338,1170.0
2339,1065.5
2340,610.0
2341,2560.0
2342,1792.3
2343,1473.6
2344,1673.0
2345,1734.6
2346,153.0
2347,260.0
2348,964.3
2349,1665.7
2350,1629.3
2351,1610.6
2352,1142.1
2353,1599.7
2354,699.2
2355,1718.2
2356,1265.7
2357,1392.9
2358,1152.6
2359,1735.4
2360,1133.6
2361,1445.2
2362,1050.0
2363,2015.6
2364,1156.0
2365,888.7
2366,936.5
2367,986.6
2368,2560.0
2369,2560.0
2370,559.0
2371,2280.0
2372,1472.2
2373,332.9
2374,1350.9
2375,1243.3
2376,718.4
2377,2560.0
2378,1500.0
2379,870.1
2380,1300.8
2381,2560.0
2382,1145.4
2383,2173.3
2384,2560.0
2385,2560.0
2386,2560.0
2387,2499.3
2388,790.6
2389,504.8
2390,1891.3
2391,1443.1
2392,1480.0
2393,2560.0
2394,454.0
2395,629.4
2396,886.5
2397,1755.7
2398,910.9
2399,1763.1
2400,930.0
2401,1359.1
2402,2560.0
2403,814.9
2404,1258.7
2405,853.8
2406,1005.0
2407,2370.1
2408,1362.4
2409,2415.1
2410,810.1
2411,1322.2
2412,2488.5
2413,2031.0
2414,2410.5
2415,2390.2
2416,2330.7
2417,1853.2
2418,2460.9
2419,1489.6
2420,1063.0
2421,2395.9
2422,564.6
2423,1401.7
2424,976.2
2425,1551.7
2426,1909.2
2427,235.4
2428,1875.6
2429,2034.8
2430,1143.9
2431,672.0
2432,629.7
2433,2369.6
2434,378.5
2435,1433.4
2436,2298.4
2437,1368.8
2438,2216.3
2439,464.0
2440,1647.9
2441,223.6
2442,305.3
2443,2352.3
2444,1714.7
2445,1516.0
2446,338.4
2447,1958.7
2448,250.0
2449,793.1
2450,1882.7
2451,1932.6
2452,1831.4
2453,390.5
2454,1361.8
2455,1407.3
2456,984.1
2457,1261.8
2458,2019.6
2459,1950.3
2460,2218.5
2461,120.4
2462,2066.3
2463,600.0
2464,117.0
2465,136.0
2466,1730.3
2467,248.4
2468,360.1
2469,1441.7
2470,510.4
2471,633.2
2472,370.1
2473,1746.4
2474,1407.2
2475,2048.4
2476,28.3
2477,283.0
2478,1680.8
2479,41.2
2480,1617.0
2481,1466.7
2482,10.0
2483,1530.0
2484,1660.1
2485,2560.0
2486,1549.2
2487,351.7
2488,155.2
2489,2401.4
2490,362.5
2491,1481.0
2492,1731.7
2493,1009.0
2494,1548.1
2495,259.6
2496,1253.2
2497,793.1
2498,1518.5
2499,1625.4
2500,310.2
2501,380.1
2502,505.7
2503,620.3
2504,723.7
2505,796.1
2506,833.6
2507,1926.3
2508,917.6
2509,661.2
2510,1404.3
2511,1382.2
2512,259.4
2513,962.1
2514,1370.1
2515,473.8
2516,1417.9
2517,538.5
2518,406.1
2519,474.3
2520,2065.2
2521,1543.8
2522,1373.1
2523,683.1
2524,1498.1
2525,392.9
2526,936.2
2527,810.0
2528,2367.1
2529,1207.8
2530,36.1
2531,670.8
2532,2067.1
2533,1228.0
2534,278.0
2535,386.4
2536,1247.2
2537,1006.6
2538,1790.1
2539,1231.7
2540,630.7
2541,455.4
2542,521.7
2543,1006.5
2544,478.5
2545,631.5
2546,650.0
2547,747.3
2548,413.0
2549,507.0
2550,595.4
2551,2353.0
2552,424.5
2553,672.0
2554,407.2
2555,0.0
2556,989.5
2557,569.4
2558,537.1
2559,1176.1
2560,2241.5
2561,1028.8
2562,1301.7
2563,2257.2
2564,1865.3
2565,896.9
2566,341.3
2567,605.4
2568,445.5
2569,228.0
2570,94.9
2571,796.2
2572,1010.4
2573,22.4
2574,450.1
2575,210.2
2576,1600.0
2577,778.2
2578,429.5
2579,305.3
2580,470.0
2581,551.5
2582,237.1
2583,1430.0
2584,998.6
2585,724.2
2586,471.7
2587,844.3
2588,1039.7
2589,858.0
2590,53.9
2591,438.6
2592,90.6
2593,1185.3
2594,310.0
2595,2344.1
2596,871.1
2597,722.0
2598,973.1
2599,1029.4
2600,639.5
2601,380.8
2602,585.2
2603,1030.8
2604,439.7
2605,442.7
2606,883.6
2607,661.9
2608,1255.9
2609,704.9
2610,586.0
2611,710.2
2612,50.0
2613,40.0
2614,760.0
2615,451.9
2616,706.8
2617,696.3
2618,646.2
2619,599.4
2620,943.7
2621,446.0
2622,396.2
2623,870.5
2624,1493.4
2625,896.9
2626,1642.1
2627,92.2
2628,793.1
2629,538.5
2630,228.0
2631,564.4
2632,434.6
2633,14.1
2634,678.8
2635,466.2
2636,161.2
2637,82.5
2638,427.6
2639,740.0
2640,912.4
2641,850.9
2642,725.7
2643,366.7
2644,265.7
2645,510.8
2646,671.2
2647,824.9
2648,431.9
2649,1260.6
2650,684.1
2651,1833.4
2652,174.9
2653,1374.4
2654,355.1
2655,730.8
2656,2560.0
2657,226.7
2658,760.0
2659,67.1
2660,2322.8
2661,1740.0
2662,1539.5
2663,20.0
2664,1281.6
2665,1310.5
2666,630.1
2667,92.2
2668,752.4
2669,1144.8
2670,680.1
2671,1029.0
2672,460.4
2673,1512.1
2674,1017.1
2675,1233.3
2676,180.3
2677,276.6
2678,803.1
2679,400.0
2680,260.0
2681,2178.0
2682,888.4
2683,380.5
2684,447.2
2685,152.3
2686,1163.0
2687,188.7
2688,44.7
2689,164.0
2690,682.6
2691,2560.0
2692,581.9
2693,288.6
2694,1272.4
2695,1484.0
2696,449.4
2697,1919.7
2698,753.1
2699,2161.2
2700,1556.8
2701,549.2
2702,94.3
2703,1322.6
2704,583.1
2705,277.3
2706,373.4
2707,31.6
2708,367.2
2709,551.7
2710,850.0
2711,335.4
2712,1248.2
2713,414.0
2714,556.1
2715,542.0
2716,2023.9
2717,228.3
2718,357.4
2719,328.9
2720,474.3
2721,570.1
2722,1732.8
2723,535.4
2724,518.6
2725,1953.5
2726,2560.0
2727,257.1
2728,90.6
2729,508.0
2730,130.0
2731,750.6
2732,653.7
2733,372.2
2734,242.1
2735,2225.8
2736,550.8
2737,215.9
2738,60.0
2739,1343.5
2740,1757.9
2741,715.1
2742,184.4
2743,2223.0
2744,1010.8
2745,392.9
2746,722.5
2747,1632.5
2748,385.9
2749,86.0
2750,1574.3
2751,1167.3
2752,1654.6
2753,2140.3
2754,208.1
2755,1749.3
2756,2330.9
2757,1842.9
2758,963.8
2759,907.9
2760,1459.1
2761,1327.7
2762,1409.4
2763,1461.2
2764,1083.0
2765,1541.6
2766,1196.2
2767,2117.8
2768,1445.2
2769,1370.8
2770,815.4
2771,586.9
2772,1606.1
2773,1231.8
2774,1936.1
2775,1248.1
2776,1292.4
2777,618.5
2778,1558.7
2779,1038.5
2780,1742.6
2781,1060.0
2782,1185.3
2783,1540.3
2784,2153.5
2785,667.1
2786,1195.7
2787,2388.9
2788,1030.8
2789,1690.7
2790,922.0
2791,161.2
2792,1575.4
2793,100.5
2794,1925.1
2795,838.7
2796,186.8
2797,44.7
2798,1590.2
2799,99.0
2800,942.5
2801,794.3
2802,813.2
2803,562.9
2804,1903.9
2805,842.0
2806,486.0
2807,2050.6
2808,686.0
2809,424.3
2810,1024.6
2811,432.7
2812,755.4
2813,1482.2
2814,286.5
2815,1937.9
2816,796.3
2817,1301.4
2818,496.5
2819,787.7
2820,1152.5
2821,1622.7
2822,585.9
2823,1547.4
2824,615.2
2825,1315.3
2826,1718.2
2827,536.7
2828,1390.9
2829,1994.8
2830,568.2
2831,377.4
2832,1030.8
2833,571.4
2834,947.3
2835,1520.0
2836,1351.5
2837,688.0
2838,331.1
2839,2072.9
2840,534.9
2841,412.3
2842,904.3
2843,349.3
2844,322.5
2845,1271.3
2846,456.2
2847,294.1
2848,360.0
2849,813.9
2850,584.2
2851,1163.0
2852,1266.7
2853,632.9
2854,516.2
2855,487.6
2856,785.9
2857,208.8
2858,866.8
2859,310.6
2860,1160.4
2861,971.3
2862,1952.3
2863,2560.0
2864,1459.6
2865,162.8
2866,1085.0
2867,652.2
2868,614.0
2869,127.3
2870,90.6
2871,970.8
2872,815.7
2873,357.8
2874,487.5
2875,292.7
2876,784.9
2877,1331.5
2878,368.0
2879,594.1
2880,394.5
2881,30.0
2882,765.4
2883,1150.0
2884,30.0
2885,280.0
2886,283.0
2887,716.9
2888,694.3
2889,98.5
2890,614.0
2891,460.0
2892,919.2
2893,510.0
2894,438.6
2895,1211.2
2896,420.1
2897,474.1
2898,1327.4
2899,1251.3
2900,86.0
2901,396.6
2902,655.1
2903,1786.2
2904,1073.5
2905,592.1
2906,896.9
2907,332.4
2908,477.6
2909,651.2
2910,844.3
2911,528.1
2912,336.0
2913,1330.0
2914,269.1
2915,1230.0
2916,441.0
2917,632.9
2918,506.4
2919,596.7
2920,799.1
2921,1140.0
2922,14.1
2923,814.4
2924,592.1
2925,602.1
2926,523.9
2927,298.3
2928,524.3
2929,349.3
2930,594.6
2931,1055.5
2932,160.0
2933,894.5
2934,211.0
2935,273.1
2936,1867.8
2937,351.3
2938,497.3
2939,250.0
2940,703.4
2941,362.5
2942,192.4
2943,460.1
2944,440.5
2945,533.7
2946,468.7
2947,390.1
2948,336.2
2949,268.3
2950,1575.1
2951,818.4
2952,325.6
2953,1843.0
2954,619.8
2955,624.8
2956,415.9
2957,438.4
2958,2030.4
2959,672.1
2960,206.2
2961,420.1
2962,502.5
2963,1377.7
2964,1028.8
2965,461.4
2966,720.6
2967,1060.7
2968,197.0
2969,506.0
2970,906.7
2971,570.0
2972,614.0
2973,139.3
2974,496.8
2975,718.7
2976,1035.9
2977,746.9
2978,188.7
2979,210.2
2980,645.1
2981,1248.1
2982,92.2
2983,263.1
2984,706.0
2985,827.3
2986,1556.7
2987,653.8
2988,597.7
2989,2560.0
2990,671.9
2991,253.0
2992,1919.8
2993,799.1
2994,594.8
2995,707.1
2996,436.8
2997,800.1
2998,128.1
2999,721.8
3000,1092.9
3001,743.3
3002,824.6
3003,877.1
3004,1610.1
3005,658.0
3006,793.8
3007,1173.8
3008,815.8
3009,214.7
3010,2059.4
3011,1247.8
3012,820.5
3013,589.4
3014,172.6
3015,2040.7
3016,181.1
3017,1233.7
3018,483.0
3019,690.7
3020,360.6
3021,1578.9
3022,2105.8
3023,526.3
3024,1050.0
3025,1116.5
3026,902.7
3027,1146.1
3028,1421.7
3029,916.8
3030,272.9
3031,10.0
3032,277.8
3033,871.4
3034,950.0
3035,2071.8
3036,711.7
3037,1210.2
3038,868.4
3039,622.4
3040,333.0
3041,1057.6
3042,1186.0
3043,1151.3
3044,483.8
3045,891.9
3046,1936.1
3047,941.5
3048,921.8
3049,1482.2
3050,627.7
3051,496.6
3052,1220.0
3053,1309.7
3054,240.8
3055,1415.5
3056,520.0
3057,1191.0
3058,2210.1
3059,1127.1
3060,139.3
3061,350.1
3062,810.2
3063,1284.4
3064,1525.1
3065,1669.6
3066,1114.3
3067,413.0
3068,1513.3
3069,360.6
3070,1587.8
3071,405.2
3072,454.9
3073,221.4
3074,961.8
3075,1149.8
3076,1862.5
3077,1065.1
3078,1556.0
3079,20.0
3080,831.0
3081,460.4
3082,1238.6
3083,676.2
3084,1474.9
3085,1782.0
3086,395.6
3087,912.1
3088,610.3
3089,888.9
3090,1543.1
3091,156.5
3092,200.0
3093,2041.7
3094,1914.8
3095,2100.0
3096,509.9
3097,1491.2
3098,1418.9
3099,2560.0
3100,2158.7
3101,1407.2
3102,664.7
3103,333.8
3104,20.0
3105,749.5
3106,923.1
3107,1516.1
3108,2185.2
3109,1335.1
3110,1407.7
3111,1514.2
3112,193.1
3113,2215.5
3114,446.0
3115,251.8
3116,1021.1
3117,1893.8
3118,2296.5
3119,1843.5
3120,1085.8
3121,1684.7
3122,1391.4
3123,40.0
3124,653.7
3125,2231.6
3126,72.1
3127,291.5
3128,1151.6
3129,935.4
3130,1252.8
3131,1671.4
3132,1823.9
3133,313.2
3134,76.2
3135,742.8
3136,440.1
3137,2560.0
3138,2209.7
3139,1625.9
3140,530.0
3141,1332.0
3142,816.0
3143,170.0
3144,183.8
3145,246.0
3146,2545.2
3147,2560.0
3148,2560.0
3149,764.8
3150,110.0
3151,1489.8
3152,520.0
3153,2560.0
3154,2314.8
3155,2117.3
3156,2505.4
3157,1851.5
3158,461.0
3159,1186.0
3160,924.8
3161,785.9
3162,1978.0
3163,1002.4
3164,900.8
3165,398.2
3166,936.5
3167,2560.0
3168,247.0
3169,1023.1
3170,2301.8
3171,389.1
3172,2424.4
3173,353.8
3174,1595.3
3175,134.2
3176,2158.6
3177,1072.0
3178,2560.0
3179,724.7
3180,1456.6
3181,1433.9
3182,743.3
3183,1098.4
3184,1795.7
3185,721.2
3186,247.6
3187,669.4
3188,392.0
3189,2560.0
3190,344.4
3191,626.3
3192,1564.9
3193,1164.3
3194,400.2
3195,174.6
3196,1011.9
3197,800.6
3198,756.6
3199,2560.0
3200,2560.0
3201,2040.4
3202,2204.2
3203,1674.5
3204,67.1
3205,1237.1
3206,2344.8
3207,1816.9
3208,632.5
3209,1251.0
3210,713.1
3211,1183.8
3212,2262.7
3213,2478.9
3214,1972.9
3215,1031.6
3216,1580.7
3217,1445.1
3218,1254.0
3219,1461.5
3220,36.1
3221,36.1
3222,2115.2
3223,1186.0
3224,1357.2
3225,579.7
3226,2560.0
3227,990.1
3228,2164.6
3229,1261.9
3230,141.4
3231,421.5
3232,2560.0
3233,2560.0
3234,2542.1
3235,2334.0
3236,1688.3
3237,550.8
3238,2110.0
3239,143.2
3240,2560.0
3241,2560.0
3242,1424.1
3243,1096.4
3244,2049.8
3245,1527.4
3246,280.2
3247,1048.1
3248,2324.5
3249,740.3
3250,1554.4
3251,300.0
3252,914.4
3253,2560.0
3254,620.0
3255,2214.2
3256,1142.1
3257,1508.6
3258,2560.0
3259,2420.3
3260,410.1
3261,2560.0
3262,350.1
3263,2560.0
3264,1650.8
3265,210.2
3266,2286.5
3267,970.8
3268,2228.5
3269,715.7
3270,604.2
3271,1848.9
3272,2073.9
3273,1322.5
3274,1370.6
3275,2240.4
3276,1914.4
3277,1005.0
3278,398.2
3279,799.3
3280,2248.0
3281,494.0
3282,539.4
3283,197.2
3284,2181.0
3285,1741.4
3286,1376.7
3287,1085.0
3288,180.3
3289,619.8
3290,1731.0
3291,645.0
3292,1028.8
3293,841.5
3294,610.7
3295,491.6
3296,332.4
3297,339.4
3298,1900.4
3299,637.0
3300,1035.9
3301,1553.1
3302,1201.0
3303,2371.9
3304,2316.7
3305,2004.1
3306,866.5
3307,847.2
3308,1841.0
3309,1494.5
3310,1816.2
3311,2560.0
3312,1619.7
3313,313.2
3314,879.8
3315,1411.7
3316,1416.9
3317,533.4
3318,717.0
3319,2161.1
3320,1077.9
3321,760.1
3322,641.4
3323,822.0
3324,1927.7
3325,820.4
3326,386.4
3327,274.6
3328,611.3
3329,762.4
3330,853.8
3331,2560.0
3332,507.0
3333,2560.0
3334,2082.8
3335,481.7
3336,574.9
3337,1790.5
3338,952.7
3339,566.4
3340,1315.9
3341,1673.3
3342,1588.1
3343,2354.6
3344,2071.8
3345,1344.8
3346,888.7
3347,1479.9
3348,1602.0
3349,861.2
3350,308.9
3351,1753.5
3352,950.2
3353,1075.4
3354,1532.2
3355,403.1
3356,1962.9
3357,2410.3
3358,1593.1
3359,170.0
3360,971.0
3361,380.1
3362,1022.0
3363,1116.8
3364,1494.8
3365,1040.0
3366,1538.7
3367,1332.2
3368,692.3
3369,2026.3
3370,1115.7
3371,411.8
3372,1986.0
3373,1760.1
3374,336.2
3375,501.6
3376,262.5
3377,461.0
3378,1008.1
3379,835.5
3380,672.1
3381,1517.4
3382,684.5
3383,2560.0
3384,1326.2
3385,886.2
3386,2560.0
3387,1315.3
3388,1202.1
3389,1347.9
3390,2047.3
3391,981.8
3392,509.2
3393,610.0
3394,2234.4
3395,1007.0
3396,1143.9
3397,1702.9
3398,1978.7
3399,1091.2
3400,1341.0
3401,1562.7
3402,2222.8
3403,120.0
3404,1296.3
3405,317.8
3406,1317.0
3407,1969.0
3408,733.5
3409,476.8
3410,2281.9
3411,2560.0
3412,330.0
3413,2560.0
3414,1080.0
3415,610.6
3416,743.3
3417,780.1
3418,2332.4
3419,1510.0
3420,2507.4
3421,946.4
3422,2116.2
3423,2501.5
3424,977.5
3425,711.2
3426,2560.0
3427,1588.6
3428,403.6
3429,2560.0
3430,451.0
3431,140.0
3432,446.0
3433,2560.0
3434,1214.9
3435,1335.6
3436,1498.9
3437,2560.0
3438,136.0
3439,852.1
3440,170.9
3441,851.5
3442,581.4
3443,1223.5
3444,107.7
3445,2560.0
3446,837.3
3447,2560.0
3448,775.2
3449,1708.4
3450,1360.9
3451,544.1
3452,1421.4
3453,2088.7
3454,296.8
3455,2560.0
3456,1017.9
3457,230.0
3458,849.6
3459,1690.5
3460,640.3
3461,2560.0
3462,244.1
3463,1725.3
3464,1400.9
3465,2130.1
3466,2560.0
3467,1610.8
3468,1528.4
3469,2312.1
3470,1789.4
3471,2272.7
3472,2450.7
3473,2098.8
3474,2560.0
3475,1384.4
3476,1101.4
3477,1537.3
3478,98.5
3479,2428.6
3480,1346.2
3481,805.0
3482,1103.2
3483,470.7
3484,1746.1
3485,1984.4
3486,1097.9
3487,1857.1
3488,2411.2
3489,1079.1
3490,794.0
3491,2110.7
3492,1400.0
3493,788.5
3494,1154.3
3495,382.8
3496,2226.0
3497,1234.9
3498,1842.0
3499,2122.3
3500,2560.0
3501,2560.0
3502,912.9
3503,523.9
3504,328.0
3505,613.3
3506,219.5
3507,2518.6
3508,1298.5
3509,220.0
3510,1282.5
3511,787.7
3512,1042.4
3513,877.3
3514,253.2
3515,841.5
3516,1638.9
3517,2044.7
3518,1459.1
3519,2560.0
3520,60.8
3521,2235.7
3522,2115.2
3523,345.4
3524,1571.5
3525,1076.2
3526,1100.2
3527,545.6
3528,1230.4
3529,971.2
3530,1241.7
3531,1744.7
3532,968.3
3533,1773.7
3534,657.4
3535,383.3
3536,2296.1
3537,1965.8
3538,1787.6
3539,1467.3
3540,80.0
3541,799.1
3542,1140.4
3543,1291.2
3544,790.6
3545,919.2
3546,863.3
3547,336.0
3548,686.0
3549,2560.0
3550,1022.0
3551,1421.3
3552,2494.4
3553,572.7
3554,1464.4
3555,1364.7
3556,2560.0
3557,1933.1
3558,310.0
3559,1968.2
3560,1960.2
3561,41.2
3562,784.3
3563,624.3
3564,1637.7
3565,774.9
3566,1114.0
3567,1039.5
3568,2142.2
3569,1988.1
3570,777.0
3571,2560.0
3572,1677.4
3573,340.0
3574,692.6
3575,2322.3
3576,1903.1
3577,571.4
3578,996.4
3579,1008.0
3580,1357.1
3581,2560.0
3582,2560.0
3583,1211.7
3584,2328.2
3585,960.5
3586,468.7
3587,2442.5
3588,702.1
3589,842.2
3590,2098.5
3591,130.0
3592,800.6
3593,2093.5
3594,886.8
3595,2560.0
3596,1257.3
3597,1489.3
3598,2560.0
3599,1816.0
3600,757.4
3601,2358.2
3602,2560.0
3603,1184.2
3604,503.6
3605,284.4
3606,522.0
3607,2560.0
3608,2086.1
3609,923.1
3610,2560.0
3611,2483.6
3612,523.9
3613,1761.7
3614,1926.6
3615,975.1
3616,2560.0
3617,581.4
3618,1262.7
3619,547.1
3620,323.1
3621,960.1
3622,734.4
3623,763.2
3624,651.9
3625,2228.0
3626,2178.5
3627,1078.6
3628,1919.3
3629,2560.0
3630,85.4
3631,481.7
3632,2030.2
3633,713.9
3634,2465.6
3635,919.2
3636,600.8
3637,696.3
3638,1604.4
3639,2560.0
3640,1288.8
3641,162.8
3642,2560.0
3643,772.3
3644,1739.0
3645,362.4
3646,1790.7
3647,1058.5
3648,2510.8
3649,1300.6
3650,2560.0
3651,1861.3
3652,2336.9
3653,790.8
3654,498.2
3655,440.1
3656,1639.3
3657,1158.0
3658,599.1
3659,1030.0
3660,1680.0
3661,1830.4
3662,1405.3
3663,1019.8
3664,2026.1
3665,1020.8
3666,1330.2
3667,450.1
3668,2560.0
3669,2472.4
3670,2560.0
3671,2560.0
3672,2349.3
3673,2297.1
3674,2348.5
3675,794.0
3676,2560.0
3677,2560.0
3678,2167.1
3679,1560.3
3680,736.8
3681,1759.3
3682,2040.6
3683,395.6
3684,2560.0
3685,577.2
3686,994.1
3687,2560.0
3688,1328.5
3689,2560.0
3690,1208.1
3691,1653.4
3692,1026.1
3693,1027.3
3694,1305.4
3695,1312.4
3696,2255.7
3697,1309.2
3698,403.1
3699,2140.3
3700,2467.1
3701,924.4
3702,1860.3
3703,2016.1
3704,2167.2
3705,641.2
3706,1567.3
3707,1844.5
3708,2066.5
3709,2411.1
3710,1365.7
3711,1063.0
3712,2345.6
3713,1603.3
3714,2560.0
3715,1428.7
3716,1239.4
3717,1672.9
3718,2560.0
3719,2192.5
3720,2052.9
3721,1163.6
3722,1140.2
3723,1114.3
3724,2560.0
3725,1055.5
3726,1268.5
3727,715.1
3728,904.3
3729,1483.1
3730,2560.0
3731,1591.5
3732,1239.4
3733,1572.0
3734,1348.5
3735,2207.1
3736,1751.4
3737,979.5
3738,1664.3
3739,2342.9
3740,733.6
3741,1914.4
3742,1515.4
3743,1968.9
3744,1726.5
3745,994.9
3746,1637.2
3747,2353.4
3748,963.4
3749,618.1
3750,2277.9
3751,1141.4
3752,1000.0
3753,1683.6
3754,1132.5
3755,2020.7
3756,693.5
3757,1758.2
3758,2193.2
3759,1806.0
3760,1179.5
3761,1589.0
3762,1449.3
3763,509.9
3764,1549.4
3765,1440.3
3766,2420.0
3767,1327.7
3768,1929.0
3769,1579.2
3770,891.4
3771,1942.0
3772,1855.7
3773,1262.1
3774,1007.0
3775,1215.0
3776,2169.5
3777,2518.6
3778,2144.8
3779,502.5
3780,1274.8
3781,1722.6
3782,715.6
3783,1962.1
3784,2560.0
3785,2358.4
3786,1449.6
3787,1320.0
3788,1014.9
3789,1091.7
3790,1624.8
3791,1388.1
3792,2532.9
3793,1530.0
3794,1991.5
3795,2560.0
3796,1933.4
3797,1409.4
3798,1461.7
3799,1170.7
3800,1662.1
3801,2532.7
3802,1006.0
3803,1531.1
3804,1556.7
3805,1932.6
3806,1724.7
3807,1462.5
3808,1796.3
3809,2560.0
3810,1287.0
3811,1315.2
3812,2560.0
3813,1921.7
3814,1772.3
3815,2056.5
3816,2560.0
3817,1864.5
3818,2519.8
3819,1435.9
3820,1601.1
3821,2560.0
3822,1291.9
3823,1386.1
3824,1696.1
3825,2129.0
3826,1145.5
3827,1838.3
3828,2560.0
3829,1196.0
3830,1280.8
3831,2116.2
3832,2560.0
3833,724.5
3834,2186.9
3835,1824.0
3836,1455.2
3837,1808.5
3838,994.0
3839,1869.4
3840,1636.0
3841,1118.0
3842,1536.5
3843,1658.5
3844,2107.2
3845,1109.8
3846,1852.2
3847,1454.5
3848,2560.0
3849,968.3
3850,1967.1
3851,2039.7
3852,1967.0
3853,1722.5
3854,1770.0
3855,2560.0
3856,1158.0
3857,1506.6
3858,2244.0
3859,1545.1
3860,2560.0
3861,1184.6
3862,999.8
3863,2181.1
3864,756.1
3865,2560.0
3866,2560.0
3867,728.0
3868,2560.0
3869,916.8
3870,1324.4
3871,526.1
3872,2560.0
3873,1715.9
3874,2544.2
3875,1983.4
3876,1574.1
3877,1917.2
3878,1990.2
3879,2450.0
3880,2116.2
3881,940.9
3882,2560.0
3883,2098.5
3884,2560.0
3885,2560.0
3886,1898.6
3887,590.3
3888,2560.0
3889,790.8
3890,2277.6
3891,887.5
3892,2560.0
3893,2560.0
3894,580.1
3895,658.6
3896,141.4
3897,730.0
3898,1084.1
3899,1130.0
3900,2223.8
3901,2402.5
3902,2227.7
3903,308.1
3904,350.6
3905,2300.0
3906,905.2
3907,2560.0
3908,1511.6
3909,2153.6
3910,839.3
3911,2560.0
3912,2560.0
3913,1415.2
3914,1561.9
3915,2560.0
3916,2518.8
3917,721.7
3918,1704.9
3919,2560.0
3920,1097.9
3921,2560.0
3922,1329.2
3923,714.5
3924,1369.3
3925,2374.9
3926,2305.3
3927,1100.7
3928,184.4
3929,178.9
3930,2560.0
3931,2432.9
3932,1345.3
3933,1934.0
3934,1394.0
3935,313.8
3936,2560.0
3937,2560.0
3938,2347.8
3939,1636.2
3940,765.8
3941,1541.6
3942,353.4
3943,1578.1
3944,244.1
3945,210.0
3946,2560.0
3947,1348.3
3948,530.4
3949,2560.0
3950,2047.1
3951,2560.0
3952,2560.0
3953,2560.0
3954,2560.0
3955,2560.0
3956,770.8
3957,638.2
3958,2517.9
3959,2560.0
3960,1240.8
3961,261.7
3962,319.5
3963,1803.2
3964,1297.7
3965,2224.1
3966,2560.0
3967,1336.6
3968,970.2
3969,2560.0
3970,1037.5
3971,1142.7
3972,361.4
3973,1313.8
3974,1998.6
3975,1777.9
3976,255.5
3977,2369.5
3978,1569.7
3979,2560.0
3980,120.4
3981,1862.9
3982,1893.1
3983,416.8
3984,1274.8
3985,2106.2
3986,351.7
3987,2560.0
3988,1508.4
3989,2560.0
3990,1334.6
3991,10.0
3992,136.0
3993,2280.0
3994,1589.0
3995,2223.4
3996,1766.9
3997,1255.4
3998,1948.1
3999,2560.0
4000,420.0
4001,1453.4
4002,2500.6
4003,681.0
4004,1627.4
4005,2560.0
4006,2560.0
4007,1910.8
4008,2560.0
4009,1304.2
4010,2560.0
4011,2422.6
4012,2560.0
4013,2432.4
4014,2033.4
4015,2560.0
4016,31.6
4017,1306.1
4018,1581.5
4019,1440.3
4020,1382.9
4021,1598.9
4022,2560.0
4023,2145.9
4024,801.6
4025,2361.2
4026,1993.0
4027,371.1
4028,2560.0
4029,2560.0
4030,2560.0
4031,2320.4
4032,2560.0
4033,942.0
4034,2249.6
4035,2281.9
4036,2560.0
4037,505.4
4038,2218.2
4039,1755.1
4040,2448.1
4041,1275.8
4042,1567.0
4043,2560.0
4044,320.2
4045,2474.9
4046,1235.6
4047,2067.1
4048,837.3
4049,810.4
4050,2560.0
4051,2331.4
4052,2560.0
4053,1250.0
4054,2560.0
4055,2560.0
4056,2471.5
4057,1456.7
4058,733.9
4059,1569.2
4060,2230.3
4061,740.6
4062,2237.9
4063,2560.0
4064,384.7
4065,1153.2
4066,2560.0
4067,1060.0
4068,1516.4
4069,1825.0
4070,1396.0
4071,1702.3
4072,1603.8
4073,624.3
4074,2005.7
4075,976.4
4076,2560.0
4077,1210.8
4078,1286.9
4079,1542.6
4080,2560.0
4081,2560.0
4082,2560.0
4083,1408.0
4084,1390.1
4085,1971.2
4086,856.0
4087,2560.0
4088,1444.6
4089,952.9
4090,2478.8
4091,2390.8
4092,1522.0
4093,2140.1
4094,837.7
4095,898.1
4096,1668.2
4097,722.8
4098,2294.9
4099,786.0
4100,2560.0
4101,2560.0
4102,2560.0
4103,769.2
4104,2560.0
4105,2357.2
4106,682.6
4107,2560.0
4108,1026.5
4109,1587.7
4110,1989.6
4111,352.3
4112,919.3
4113,411.9
4114,598.1
4115,2560.0
4116,997.6
4117,1358.7
4118,2486.8
4119,2560.0
4120,1491.2
4121,0.0
4122,2124.7
4123,1228.0
4124,2272.0
4125,2026.0
4126,2560.0
4127,2560.0
4128,2560.0
4129,1395.9
4130,1281.3
4131,970.5
4132,2014.4
4133,1490.4
4134,2560.0
4135,1956.6
4136,2330.0
4137,2560.0
4138,2560.0
4139,2560.0
4140,1554.4
4141,1142.8
4142,20.0
4143,2353.6
4144,390.0
4145,1314.7
4146,950.8
4147,2560.0
4148,2560.0
4149,2560.0
4150,2260.2
4151,1877.6
4152,2134.7
4153,1905.6
4154,1865.6
4155,2504.5
4156,948.9
4157,1090.4
4158,2560.0
4159,1148.6
4160,836.0
4161,1014.0
4162,948.7
4163,1456.9
4164,1598.1
4165,2325.9
4166,868.4
4167,702.4
4168,2560.0
4169,2442.3
